location,parameter,Units,times,value_mean,value_std
beach6_buoy,Bat,V,5/20/2008,13.762037037037036,0.6215322628437107
beach6_buoy,Bat,V,5/21/2008,13.570833333333333,0.6458988424554699
beach6_buoy,Bat,V,5/22/2008,13.690277777777776,0.6640961515651931
beach6_buoy,Bat,V,5/23/2008,13.778472222222222,0.6661824436098939
beach6_buoy,Bat,V,5/24/2008,13.775694444444445,0.643335553
beach6_buoy,Bat,V,5/25/2008,13.784027777777778,0.6345157499898942
beach6_buoy,Bat,V,5/26/2008,13.699305555555556,0.5502061314650971
beach6_buoy,Bat,V,5/27/2008,13.638194444444444,0.5803298468610185
beach6_buoy,Bat,V,5/28/2008,13.792361111111111,0.6745192394225716
beach6_buoy,Bat,V,5/29/2008,13.781944444444443,0.6499760918440927
beach6_buoy,Bat,V,5/30/2008,13.636805555555556,0.5316219446156194
beach6_buoy,Bat,V,5/31/2008,13.631250000000001,0.5733558128351786
beach6_buoy,Bat,V,6/1/2008,13.746527777777779,0.6020841651134345
beach6_buoy,Bat,V,6/2/2008,13.757638888888888,0.5887737477414606
beach6_buoy,Bat,V,6/3/2008,13.472222222222221,0.4845074558223807
beach6_buoy,Bat,V,6/4/2008,13.622222222222222,0.5303969280839607
beach6_buoy,Bat,V,6/5/2008,13.639583333333333,0.49390958516886285
beach6_buoy,Bat,V,6/6/2008,13.689583333333333,0.49270464492723026
beach6_buoy,Bat,V,6/7/2008,13.693055555555555,0.5124536858183183
beach6_buoy,Bat,V,6/8/2008,13.698611111111111,0.5332295207823019
beach6_buoy,Bat,V,6/9/2008,13.711805555555555,0.5159683038698133
beach6_buoy,Bat,V,6/10/2008,13.61111111111111,0.5053713044882492
beach6_buoy,Bat,V,6/11/2008,13.70486111111111,0.5151318469438866
beach6_buoy,Bat,V,6/12/2008,13.68888888888889,0.5107393668542699
beach6_buoy,Bat,V,6/13/2008,13.641666666666667,0.4946567645199191
beach6_buoy,Bat,V,6/14/2008,13.57638888888889,0.48256107423329364
beach6_buoy,Bat,V,6/15/2008,13.70486111111111,0.5151318469438864
beach6_buoy,Bat,V,6/16/2008,13.677777777777777,0.5348608660914989
beach6_buoy,Bat,V,6/17/2008,13.1,0.028284271247461936
beach6_buoy,Bat,V,6/18/2008,,
beach6_buoy,Bat,V,6/19/2008,,
beach6_buoy,Bat,V,6/20/2008,,
beach6_buoy,Bat,V,6/21/2008,,
beach6_buoy,Bat,V,6/22/2008,,
beach6_buoy,Bat,V,6/23/2008,,
beach6_buoy,Bat,V,6/24/2008,,
beach6_buoy,Bat,V,6/25/2008,,
beach6_buoy,Bat,V,6/26/2008,,
beach6_buoy,Bat,V,6/27/2008,,
beach6_buoy,Bat,V,6/28/2008,,
beach6_buoy,Bat,V,6/29/2008,,
beach6_buoy,Bat,V,6/30/2008,,
beach6_buoy,Bat,V,7/1/2008,13.468539325842697,0.33628839950323686
beach6_buoy,Bat,V,7/2/2008,13.665277777777778,0.49151107727409316
beach6_buoy,Bat,V,7/3/2008,13.569444444444445,0.4632324519982444
beach6_buoy,Bat,V,7/4/2008,13.752083333333333,0.5368867456199489
beach6_buoy,Bat,V,7/5/2008,13.702777777777778,0.4964129293499471
beach6_buoy,Bat,V,7/6/2008,13.735416666666667,0.5084556007185854
beach6_buoy,Bat,V,7/7/2008,13.7,0.48241815132442173
beach6_buoy,Bat,V,7/8/2008,13.65486111111111,0.49920634369163813
beach6_buoy,Bat,V,7/9/2008,13.59236111111111,0.5123754989298899
beach6_buoy,Bat,V,7/10/2008,13.727777777777778,0.5364275046588001
beach6_buoy,Bat,V,7/11/2008,13.684722222222222,0.5242803185032352
beach6_buoy,Bat,V,7/12/2008,13.616666666666667,0.4829976327961792
beach6_buoy,Bat,V,7/13/2008,13.577777777777778,0.5025034452714864
beach6_buoy,Bat,V,7/14/2008,13.715277777777779,0.5392716461245753
beach6_buoy,Bat,V,7/15/2008,13.697222222222223,0.5086585187859227
beach6_buoy,Bat,V,7/16/2008,13.68888888888889,0.5057862550719776
beach6_buoy,Bat,V,7/17/2008,13.6875,0.49002283377652783
beach6_buoy,Bat,V,7/18/2008,13.688194444444443,0.48220016268350363
beach6_buoy,Bat,V,7/19/2008,13.647916666666667,0.4884639474639132
beach6_buoy,Bat,V,7/20/2008,13.665277777777778,0.4975913233740374
beach6_buoy,Bat,V,7/21/2008,13.694444444444445,0.4982174908819128
beach6_buoy,Bat,V,7/22/2008,13.603472222222223,0.4797162906372068
beach6_buoy,Bat,V,7/23/2008,13.589583333333334,0.5191061103918504
beach6_buoy,Bat,V,7/24/2008,13.71736111111111,0.5311723228096858
beach6_buoy,Bat,V,7/25/2008,13.7,0.5146796138328252
beach6_buoy,Bat,V,7/26/2008,13.65625,0.495676235
beach6_buoy,Bat,V,7/27/2008,13.690972222222221,0.5215513698484856
beach6_buoy,Bat,V,7/28/2008,13.690277777777778,0.526011439
beach6_buoy,Bat,V,7/29/2008,13.675,0.49578644173090797
beach6_buoy,Bat,V,7/30/2008,13.484027777777778,0.4157162820903557
beach6_buoy,Bat,V,7/31/2008,13.678472222222222,0.5042703230049925
beach6_buoy,Bat,V,8/1/2008,13.63888888888889,0.468909032
beach6_buoy,Bat,V,8/2/2008,13.67986111111111,0.5176033880185362
beach6_buoy,Bat,V,8/3/2008,13.690972222222221,0.5157536673421197
beach6_buoy,Bat,V,8/4/2008,13.590277777777779,0.4827542548250303
beach6_buoy,Bat,V,8/5/2008,13.570833333333333,0.4826898698849107
beach6_buoy,Bat,V,8/6/2008,13.691666666666666,0.5277608061721424
beach6_buoy,Bat,V,8/7/2008,13.585185185185185,0.559786822
beach6_buoy,Bat,V,8/8/2008,13.557142857142857,0.5131803165234242
beach6_buoy,Bat,V,8/9/2008,13.66875,0.54432466
beach6_buoy,Bat,V,8/10/2008,13.471527777777776,0.45736600612492323
beach6_buoy,Bat,V,8/11/2008,13.66875,0.5507107613415063
beach6_buoy,Bat,V,8/12/2008,13.669444444444444,0.5366664494924933
beach6_buoy,Bat,V,8/13/2008,13.622916666666667,0.5094517483688557
beach6_buoy,Bat,V,8/14/2008,13.64375,0.5127355334602121
beach6_buoy,Bat,V,8/15/2008,13.649305555555555,0.5323120867791357
beach6_buoy,Bat,V,8/16/2008,13.647916666666667,0.513995558
beach6_buoy,Bat,V,8/17/2008,13.676388888888889,0.538709428
beach6_buoy,Bat,V,8/18/2008,13.661805555555555,0.5118178937205665
beach6_buoy,Bat,V,8/19/2008,13.606944444444444,0.5295007250901732
beach6_buoy,Bat,V,8/20/2008,13.662500000000001,0.5568235335835295
beach6_buoy,Bat,V,8/21/2008,13.631944444444445,0.5014179583141876
beach6_buoy,Bat,V,8/22/2008,13.12972972972973,0.066101206
beach6_buoy,Bat,V,8/23/2008,,
beach6_buoy,Bat,V,8/24/2008,,
beach6_buoy,Bat,V,8/25/2008,,
beach6_buoy,Bat,V,8/26/2008,,
beach6_buoy,Bat,V,8/27/2008,,
beach6_buoy,Bat,V,8/28/2008,,
beach6_buoy,Bat,V,8/29/2008,,
beach6_buoy,Bat,V,8/30/2008,,
beach6_buoy,Bat,V,8/31/2008,,
beach6_buoy,Bat,V,9/1/2008,,
beach6_buoy,Bat,V,9/2/2008,,
beach6_buoy,Bat,V,9/3/2008,,
beach6_buoy,Bat,V,9/4/2008,,
beach6_buoy,Bat,V,9/5/2008,,
beach6_buoy,Bat,V,9/6/2008,,
beach6_buoy,Bat,V,9/7/2008,,
beach6_buoy,Bat,V,9/8/2008,,
beach6_buoy,Bat,V,9/9/2008,,
beach6_buoy,Bat,V,9/10/2008,,
beach6_buoy,Bat,V,9/11/2008,,
beach6_buoy,Bat,V,9/12/2008,,
beach6_buoy,Bat,V,9/13/2008,,
beach6_buoy,Bat,V,9/14/2008,,
beach6_buoy,Bat,V,9/15/2008,,
beach6_buoy,Bat,V,9/16/2008,,
beach6_buoy,Bat,V,9/17/2008,,
beach6_buoy,Bat,V,9/18/2008,,
beach6_buoy,Bat,V,9/19/2008,,
beach6_buoy,Bat,V,9/20/2008,,
beach6_buoy,Bat,V,9/21/2008,,
beach6_buoy,Bat,V,9/22/2008,,
beach6_buoy,Bat,V,9/23/2008,,
beach6_buoy,Bat,V,9/24/2008,,
beach6_buoy,Bat,V,9/25/2008,,
beach6_buoy,Bat,V,9/26/2008,,
beach6_buoy,Bat,V,9/27/2008,,
beach6_buoy,Bat,V,9/28/2008,,
beach6_buoy,Bat,V,9/29/2008,,
beach6_buoy,Bat,V,9/30/2008,,
beach6_buoy,Bat,V,10/1/2008,,
beach6_buoy,Bat,V,10/2/2008,,
beach6_buoy,Bat,V,10/3/2008,,
beach6_buoy,Bat,V,10/4/2008,,
beach6_buoy,Bat,V,10/5/2008,,
beach6_buoy,Bat,V,10/6/2008,,
beach6_buoy,Bat,V,10/7/2008,,
beach6_buoy,Bat,V,10/8/2008,,
beach6_buoy,Bat,V,10/9/2008,,
beach6_buoy,Bat,V,10/10/2008,,
beach6_buoy,Bat,V,10/11/2008,,
beach6_buoy,Bat,V,10/12/2008,,
beach6_buoy,Bat,V,10/13/2008,,
beach6_buoy,Bat,V,10/14/2008,,
beach6_buoy,Bat,V,10/15/2008,,
beach6_buoy,Bat,V,10/16/2008,,
beach6_buoy,Bat,V,10/17/2008,,
beach6_buoy,Bat,V,10/18/2008,,
beach6_buoy,Bat,V,10/19/2008,,
beach6_buoy,Bat,V,10/20/2008,,
beach6_buoy,Bat,V,10/21/2008,,
beach6_buoy,Bat,V,10/22/2008,,
beach6_buoy,Bat,V,10/23/2008,,
beach6_buoy,Bat,V,10/24/2008,,
beach6_buoy,Bat,V,10/25/2008,,
beach6_buoy,Bat,V,10/26/2008,,
beach6_buoy,Bat,V,10/27/2008,,
beach6_buoy,Bat,V,10/28/2008,,
beach6_buoy,Bat,V,10/29/2008,,
beach6_buoy,Bat,V,10/30/2008,,
beach6_buoy,Bat,V,10/31/2008,,
beach6_buoy,Bat,V,11/1/2008,,
beach6_buoy,Bat,V,11/2/2008,,
beach6_buoy,Bat,V,11/3/2008,,
beach6_buoy,Bat,V,11/4/2008,,
beach6_buoy,Bat,V,11/5/2008,,
beach6_buoy,Bat,V,11/6/2008,,
beach6_buoy,Bat,V,11/7/2008,,
beach6_buoy,Bat,V,11/8/2008,,
beach6_buoy,Bat,V,11/9/2008,,
beach6_buoy,Bat,V,11/10/2008,,
beach6_buoy,Bat,V,11/11/2008,,
beach6_buoy,Bat,V,11/12/2008,,
beach6_buoy,Bat,V,11/13/2008,,
beach6_buoy,Bat,V,11/14/2008,,
beach6_buoy,Bat,V,11/15/2008,,
beach6_buoy,Bat,V,11/16/2008,,
beach6_buoy,Bat,V,11/17/2008,,
beach6_buoy,Bat,V,11/18/2008,,
beach6_buoy,Bat,V,11/19/2008,,
beach6_buoy,Bat,V,11/20/2008,,
beach6_buoy,Bat,V,11/21/2008,,
beach6_buoy,Bat,V,11/22/2008,,
beach6_buoy,Bat,V,11/23/2008,,
beach6_buoy,Bat,V,11/24/2008,,
beach6_buoy,Bat,V,11/25/2008,,
beach6_buoy,Bat,V,11/26/2008,,
beach6_buoy,Bat,V,11/27/2008,,
beach6_buoy,Bat,V,11/28/2008,,
beach6_buoy,Bat,V,11/29/2008,,
beach6_buoy,Bat,V,11/30/2008,,
beach6_buoy,Bat,V,12/1/2008,,
beach6_buoy,Bat,V,12/2/2008,,
beach6_buoy,Bat,V,12/3/2008,,
beach6_buoy,Bat,V,12/4/2008,,
beach6_buoy,Bat,V,12/5/2008,,
beach6_buoy,Bat,V,12/6/2008,,
beach6_buoy,Bat,V,12/7/2008,,
beach6_buoy,Bat,V,12/8/2008,,
beach6_buoy,Bat,V,12/9/2008,,
beach6_buoy,Bat,V,12/10/2008,,
beach6_buoy,Bat,V,12/11/2008,,
beach6_buoy,Bat,V,12/12/2008,,
beach6_buoy,Bat,V,12/13/2008,,
beach6_buoy,Bat,V,12/14/2008,,
beach6_buoy,Bat,V,12/15/2008,,
beach6_buoy,Bat,V,12/16/2008,,
beach6_buoy,Bat,V,12/17/2008,,
beach6_buoy,Bat,V,12/18/2008,,
beach6_buoy,Bat,V,12/19/2008,,
beach6_buoy,Bat,V,12/20/2008,,
beach6_buoy,Bat,V,12/21/2008,,
beach6_buoy,Bat,V,12/22/2008,,
beach6_buoy,Bat,V,12/23/2008,,
beach6_buoy,Bat,V,12/24/2008,,
beach6_buoy,Bat,V,12/25/2008,,
beach6_buoy,Bat,V,12/26/2008,,
beach6_buoy,Bat,V,12/27/2008,,
beach6_buoy,Bat,V,12/28/2008,,
beach6_buoy,Bat,V,12/29/2008,,
beach6_buoy,Bat,V,12/30/2008,,
beach6_buoy,Bat,V,12/31/2008,,
beach6_buoy,Bat,V,1/1/2009,,
beach6_buoy,Bat,V,1/2/2009,,
beach6_buoy,Bat,V,1/3/2009,,
beach6_buoy,Bat,V,1/4/2009,,
beach6_buoy,Bat,V,1/5/2009,,
beach6_buoy,Bat,V,1/6/2009,,
beach6_buoy,Bat,V,1/7/2009,,
beach6_buoy,Bat,V,1/8/2009,,
beach6_buoy,Bat,V,1/9/2009,,
beach6_buoy,Bat,V,1/10/2009,,
beach6_buoy,Bat,V,1/11/2009,,
beach6_buoy,Bat,V,1/12/2009,,
beach6_buoy,Bat,V,1/13/2009,,
beach6_buoy,Bat,V,1/14/2009,,
beach6_buoy,Bat,V,1/15/2009,,
beach6_buoy,Bat,V,1/16/2009,,
beach6_buoy,Bat,V,1/17/2009,,
beach6_buoy,Bat,V,1/18/2009,,
beach6_buoy,Bat,V,1/19/2009,,
beach6_buoy,Bat,V,1/20/2009,,
beach6_buoy,Bat,V,1/21/2009,,
beach6_buoy,Bat,V,1/22/2009,,
beach6_buoy,Bat,V,1/23/2009,,
beach6_buoy,Bat,V,1/24/2009,,
beach6_buoy,Bat,V,1/25/2009,,
beach6_buoy,Bat,V,1/26/2009,,
beach6_buoy,Bat,V,1/27/2009,,
beach6_buoy,Bat,V,1/28/2009,,
beach6_buoy,Bat,V,1/29/2009,,
beach6_buoy,Bat,V,1/30/2009,,
beach6_buoy,Bat,V,1/31/2009,,
beach6_buoy,Bat,V,2/1/2009,,
beach6_buoy,Bat,V,2/2/2009,,
beach6_buoy,Bat,V,2/3/2009,,
beach6_buoy,Bat,V,2/4/2009,,
beach6_buoy,Bat,V,2/5/2009,,
beach6_buoy,Bat,V,2/6/2009,,
beach6_buoy,Bat,V,2/7/2009,,
beach6_buoy,Bat,V,2/8/2009,,
beach6_buoy,Bat,V,2/9/2009,,
beach6_buoy,Bat,V,2/10/2009,,
beach6_buoy,Bat,V,2/11/2009,,
beach6_buoy,Bat,V,2/12/2009,,
beach6_buoy,Bat,V,2/13/2009,,
beach6_buoy,Bat,V,2/14/2009,,
beach6_buoy,Bat,V,2/15/2009,,
beach6_buoy,Bat,V,2/16/2009,,
beach6_buoy,Bat,V,2/17/2009,,
beach6_buoy,Bat,V,2/18/2009,,
beach6_buoy,Bat,V,2/19/2009,,
beach6_buoy,Bat,V,2/20/2009,,
beach6_buoy,Bat,V,2/21/2009,,
beach6_buoy,Bat,V,2/22/2009,,
beach6_buoy,Bat,V,2/23/2009,,
beach6_buoy,Bat,V,2/24/2009,,
beach6_buoy,Bat,V,2/25/2009,,
beach6_buoy,Bat,V,2/26/2009,,
beach6_buoy,Bat,V,2/27/2009,,
beach6_buoy,Bat,V,2/28/2009,,
beach6_buoy,Bat,V,3/1/2009,,
beach6_buoy,Bat,V,3/2/2009,,
beach6_buoy,Bat,V,3/3/2009,,
beach6_buoy,Bat,V,3/4/2009,,
beach6_buoy,Bat,V,3/5/2009,,
beach6_buoy,Bat,V,3/6/2009,,
beach6_buoy,Bat,V,3/7/2009,,
beach6_buoy,Bat,V,3/8/2009,,
beach6_buoy,Bat,V,3/9/2009,,
beach6_buoy,Bat,V,3/10/2009,,
beach6_buoy,Bat,V,3/11/2009,,
beach6_buoy,Bat,V,3/12/2009,,
beach6_buoy,Bat,V,3/13/2009,,
beach6_buoy,Bat,V,3/14/2009,,
beach6_buoy,Bat,V,3/15/2009,,
beach6_buoy,Bat,V,3/16/2009,,
beach6_buoy,Bat,V,3/17/2009,,
beach6_buoy,Bat,V,3/18/2009,,
beach6_buoy,Bat,V,3/19/2009,,
beach6_buoy,Bat,V,3/20/2009,,
beach6_buoy,Bat,V,3/21/2009,,
beach6_buoy,Bat,V,3/22/2009,,
beach6_buoy,Bat,V,3/23/2009,,
beach6_buoy,Bat,V,3/24/2009,,
beach6_buoy,Bat,V,3/25/2009,,
beach6_buoy,Bat,V,3/26/2009,,
beach6_buoy,Bat,V,3/27/2009,,
beach6_buoy,Bat,V,3/28/2009,,
beach6_buoy,Bat,V,3/29/2009,,
beach6_buoy,Bat,V,3/30/2009,,
beach6_buoy,Bat,V,3/31/2009,,
beach6_buoy,Bat,V,4/1/2009,,
beach6_buoy,Bat,V,4/2/2009,,
beach6_buoy,Bat,V,4/3/2009,,
beach6_buoy,Bat,V,4/4/2009,,
beach6_buoy,Bat,V,4/5/2009,,
beach6_buoy,Bat,V,4/6/2009,,
beach6_buoy,Bat,V,4/7/2009,,
beach6_buoy,Bat,V,4/8/2009,,
beach6_buoy,Bat,V,4/9/2009,,
beach6_buoy,Bat,V,4/10/2009,,
beach6_buoy,Bat,V,4/11/2009,,
beach6_buoy,Bat,V,4/12/2009,,
beach6_buoy,Bat,V,4/13/2009,,
beach6_buoy,Bat,V,4/14/2009,,
beach6_buoy,Bat,V,4/15/2009,,
beach6_buoy,Bat,V,4/16/2009,,
beach6_buoy,Bat,V,4/17/2009,,
beach6_buoy,Bat,V,4/18/2009,,
beach6_buoy,Bat,V,4/19/2009,,
beach6_buoy,Bat,V,4/20/2009,,
beach6_buoy,Bat,V,4/21/2009,,
beach6_buoy,Bat,V,4/22/2009,,
beach6_buoy,Bat,V,4/23/2009,,
beach6_buoy,Bat,V,4/24/2009,,
beach6_buoy,Bat,V,4/25/2009,,
beach6_buoy,Bat,V,4/26/2009,,
beach6_buoy,Bat,V,4/27/2009,,
beach6_buoy,Bat,V,4/28/2009,,
beach6_buoy,Bat,V,4/29/2009,,
beach6_buoy,Bat,V,4/30/2009,,
beach6_buoy,Bat,V,5/1/2009,,
beach6_buoy,Bat,V,5/2/2009,,
beach6_buoy,Bat,V,5/3/2009,,
beach6_buoy,Bat,V,5/4/2009,,
beach6_buoy,Bat,V,5/5/2009,,
beach6_buoy,Bat,V,5/6/2009,,
beach6_buoy,Bat,V,5/7/2009,,
beach6_buoy,Bat,V,5/8/2009,,
beach6_buoy,Bat,V,5/9/2009,,
beach6_buoy,Bat,V,5/10/2009,,
beach6_buoy,Bat,V,5/11/2009,,
beach6_buoy,Bat,V,5/12/2009,,
beach6_buoy,Bat,V,5/13/2009,,
beach6_buoy,Bat,V,5/14/2009,,
beach6_buoy,Bat,V,5/15/2009,,
beach6_buoy,Bat,V,5/16/2009,,
beach6_buoy,Bat,V,5/17/2009,,
beach6_buoy,Bat,V,5/18/2009,,
beach6_buoy,Bat,V,5/19/2009,,
beach6_buoy,Bat,V,5/20/2009,,
beach6_buoy,Bat,V,5/21/2009,,
beach6_buoy,Bat,V,5/22/2009,,
beach6_buoy,Bat,V,5/23/2009,,
beach6_buoy,Bat,V,5/24/2009,,
beach6_buoy,Bat,V,5/25/2009,,
beach6_buoy,Bat,V,5/26/2009,,
beach6_buoy,Bat,V,5/27/2009,,
beach6_buoy,Bat,V,5/28/2009,,
beach6_buoy,Bat,V,5/29/2009,,
beach6_buoy,Bat,V,5/30/2009,,
beach6_buoy,Bat,V,5/31/2009,,
beach6_buoy,Bat,V,6/1/2009,13.338095238095239,0.090387068
beach6_buoy,Bat,V,6/2/2009,13.524999999999999,0.2551566089774978
beach6_buoy,Bat,V,6/3/2009,13.753472222222221,0.2205882771912148
beach6_buoy,Bat,V,6/4/2009,14.528472222222222,0.9666222057937064
beach6_buoy,Bat,V,6/5/2009,15.00486111111111,1.2850038698813113
beach6_buoy,Bat,V,6/6/2009,15.055555555555555,1.321356464389116
beach6_buoy,Bat,V,6/7/2009,14.344444444444443,0.7690497067403713
beach6_buoy,Bat,V,6/8/2009,14.55347222222222,0.9765010460461863
beach6_buoy,Bat,V,6/9/2009,14.861805555555556,1.2625313969801022
beach6_buoy,Bat,V,6/10/2009,14.626388888888888,1.0366693649295178
beach6_buoy,Bat,V,6/11/2009,14.268055555555556,0.5523823518417865
beach6_buoy,Bat,V,6/12/2009,14.631944444444445,1.0438399240792566
beach6_buoy,Bat,V,6/13/2009,14.665972222222223,1.0331676591001147
beach6_buoy,Bat,V,6/14/2009,14.597916666666666,0.8804376494366057
beach6_buoy,Bat,V,6/15/2009,14.62013888888889,0.9581143968014456
beach6_buoy,Bat,V,6/16/2009,14.61597222222222,0.9140445119644703
beach6_buoy,Bat,V,6/17/2009,14.154166666666667,0.4616593664482185
beach6_buoy,Bat,V,6/18/2009,14.066666666666666,0.41188633098265076
beach6_buoy,Bat,V,6/19/2009,14.368055555555555,0.714451501
beach6_buoy,Bat,V,6/20/2009,14.158333333333333,0.5721386696795263
beach6_buoy,Bat,V,6/21/2009,14.842361111111112,1.197992485185525
beach6_buoy,Bat,V,6/22/2009,14.49513888888889,0.7883176617454015
beach6_buoy,Bat,V,6/23/2009,14.565277777777778,0.9106456208511883
beach6_buoy,Bat,V,6/24/2009,14.47777777777778,0.7864627763115685
beach6_buoy,Bat,V,6/25/2009,14.443750000000001,0.8508094664798606
beach6_buoy,Bat,V,6/26/2009,14.627083333333335,1.0208469505775561
beach6_buoy,Bat,V,6/27/2009,14.497916666666665,0.7509871126435146
beach6_buoy,Bat,V,6/28/2009,14.311805555555557,0.7859337262561163
beach6_buoy,Bat,V,6/29/2009,14.189795918367347,0.6371305785705624
beach6_buoy,Bat,V,6/30/2009,,
beach6_buoy,Bat,V,7/1/2009,,
beach6_buoy,Bat,V,7/2/2009,,
beach6_buoy,Bat,V,7/3/2009,,
beach6_buoy,Bat,V,7/4/2009,,
beach6_buoy,Bat,V,7/5/2009,,
beach6_buoy,Bat,V,7/6/2009,,
beach6_buoy,Bat,V,7/7/2009,,
beach6_buoy,Bat,V,7/8/2009,,
beach6_buoy,Bat,V,7/9/2009,,
beach6_buoy,Bat,V,7/10/2009,13.7,
beach6_buoy,Bat,V,7/11/2009,,
beach6_buoy,Bat,V,7/12/2009,,
beach6_buoy,Bat,V,7/13/2009,,
beach6_buoy,Bat,V,7/14/2009,,
beach6_buoy,Bat,V,7/15/2009,,
beach6_buoy,Bat,V,7/16/2009,,
beach6_buoy,Bat,V,7/17/2009,13.833009708737864,0.1916841507018947
beach6_buoy,Bat,V,7/18/2009,14.275694444444444,0.6415940079348246
beach6_buoy,Bat,V,7/19/2009,14.426388888888889,0.7606572527094274
beach6_buoy,Bat,V,7/20/2009,14.406944444444443,0.647280786
beach6_buoy,Bat,V,7/21/2009,14.214583333333334,0.6519437049359369
beach6_buoy,Bat,V,7/22/2009,14.288194444444445,0.6205678121522341
beach6_buoy,Bat,V,7/23/2009,14.14236111111111,0.6521164962113168
beach6_buoy,Bat,V,7/24/2009,14.511111111111111,0.7863442111042822
beach6_buoy,Bat,V,7/25/2009,14.337499999999999,0.7971869247591783
beach6_buoy,Bat,V,7/26/2009,14.314583333333335,0.6870397378599016
beach6_buoy,Bat,V,7/27/2009,14.481250000000001,0.7696124490146466
beach6_buoy,Bat,V,7/28/2009,14.461111111111112,0.857473204
beach6_buoy,Bat,V,7/29/2009,14.070833333333333,0.3837385109097652
beach6_buoy,Bat,V,7/30/2009,14.412500000000001,0.7462610765714597
beach6_buoy,Bat,V,7/31/2009,14.374305555555557,0.7210856740634566
beach6_buoy,Bat,V,8/1/2009,14.579166666666667,1.0164297175060213
beach6_buoy,Bat,V,8/2/2009,14.311805555555557,0.7102148328358893
beach6_buoy,Bat,V,8/3/2009,14.487499999999999,0.7940226873156889
beach6_buoy,Bat,V,8/4/2009,14.413194444444445,0.7898168795269591
beach6_buoy,Bat,V,8/5/2009,14.506250000000001,0.8058543440201977
beach6_buoy,Bat,V,8/6/2009,14.007638888888888,0.4771828549712123
beach6_buoy,Bat,V,8/7/2009,14.50486111111111,0.8190331893094243
beach6_buoy,Bat,V,8/8/2009,14.209027777777777,0.5054822794988298
beach6_buoy,Bat,V,8/9/2009,14.47777777777778,0.9179975504975492
beach6_buoy,Bat,V,8/10/2009,14.44927536231884,0.8145051165126183
beach6_buoy,Bat,V,8/11/2009,,
beach6_buoy,Bat,V,8/12/2009,,
beach6_buoy,Bat,V,8/13/2009,,
beach6_buoy,Bat,V,8/14/2009,,
beach6_buoy,Bat,V,8/15/2009,,
beach6_buoy,Bat,V,8/16/2009,,
beach6_buoy,Bat,V,8/17/2009,,
beach6_buoy,Bat,V,8/18/2009,,
beach6_buoy,Bat,V,8/19/2009,,
beach6_buoy,Bat,V,8/20/2009,,
beach6_buoy,Bat,V,8/21/2009,,
beach6_buoy,Bat,V,8/22/2009,,
beach6_buoy,Bat,V,8/23/2009,,
beach6_buoy,Bat,V,8/24/2009,,
beach6_buoy,Bat,V,8/25/2009,,
beach6_buoy,Bat,V,8/26/2009,,
beach6_buoy,Bat,V,8/27/2009,,
beach6_buoy,Bat,V,8/28/2009,,
beach6_buoy,Bat,V,8/29/2009,,
beach6_buoy,Bat,V,8/30/2009,,
beach6_buoy,Bat,V,8/31/2009,,
beach6_buoy,Bat,V,9/1/2009,,
beach6_buoy,Bat,V,9/2/2009,,
beach6_buoy,Bat,V,9/3/2009,,
beach6_buoy,Bat,V,9/4/2009,,
beach6_buoy,Bat,V,9/5/2009,,
beach6_buoy,Bat,V,9/6/2009,,
beach6_buoy,Bat,V,9/7/2009,,
beach6_buoy,Bat,V,9/8/2009,,
beach6_buoy,Bat,V,9/9/2009,,
beach6_buoy,Bat,V,9/10/2009,,
beach6_buoy,Bat,V,9/11/2009,,
beach6_buoy,Bat,V,9/12/2009,,
beach6_buoy,Bat,V,9/13/2009,,
beach6_buoy,Bat,V,9/14/2009,,
beach6_buoy,Bat,V,9/15/2009,,
beach6_buoy,Bat,V,9/16/2009,,
beach6_buoy,Bat,V,9/17/2009,,
beach6_buoy,Bat,V,9/18/2009,,
beach6_buoy,Bat,V,9/19/2009,,
beach6_buoy,Bat,V,9/20/2009,,
beach6_buoy,Bat,V,9/21/2009,,
beach6_buoy,Bat,V,9/22/2009,,
beach6_buoy,Bat,V,9/23/2009,,
beach6_buoy,Bat,V,9/24/2009,,
beach6_buoy,Bat,V,9/25/2009,,
beach6_buoy,Bat,V,9/26/2009,,
beach6_buoy,Bat,V,9/27/2009,,
beach6_buoy,Bat,V,9/28/2009,,
beach6_buoy,Bat,V,9/29/2009,,
beach6_buoy,Bat,V,9/30/2009,,
beach6_buoy,Bat,V,10/1/2009,,
beach6_buoy,Bat,V,10/2/2009,,
beach6_buoy,Bat,V,10/3/2009,,
beach6_buoy,Bat,V,10/4/2009,,
beach6_buoy,Bat,V,10/5/2009,,
beach6_buoy,Bat,V,10/6/2009,,
beach6_buoy,Bat,V,10/7/2009,,
beach6_buoy,Bat,V,10/8/2009,,
beach6_buoy,Bat,V,10/9/2009,,
beach6_buoy,Bat,V,10/10/2009,,
beach6_buoy,Bat,V,10/11/2009,,
beach6_buoy,Bat,V,10/12/2009,,
beach6_buoy,Bat,V,10/13/2009,,
beach6_buoy,Bat,V,10/14/2009,,
beach6_buoy,Bat,V,10/15/2009,,
beach6_buoy,Bat,V,10/16/2009,,
beach6_buoy,Bat,V,10/17/2009,,
beach6_buoy,Bat,V,10/18/2009,,
beach6_buoy,Bat,V,10/19/2009,,
beach6_buoy,Bat,V,10/20/2009,,
beach6_buoy,Bat,V,10/21/2009,,
beach6_buoy,Bat,V,10/22/2009,,
beach6_buoy,Bat,V,10/23/2009,,
beach6_buoy,Bat,V,10/24/2009,,
beach6_buoy,Bat,V,10/25/2009,,
beach6_buoy,Bat,V,10/26/2009,,
beach6_buoy,Bat,V,10/27/2009,,
beach6_buoy,Bat,V,10/28/2009,,
beach6_buoy,Bat,V,10/29/2009,,
beach6_buoy,Bat,V,10/30/2009,,
beach6_buoy,Bat,V,10/31/2009,,
beach6_buoy,Bat,V,11/1/2009,,
beach6_buoy,Bat,V,11/2/2009,,
beach6_buoy,Bat,V,11/3/2009,,
beach6_buoy,Bat,V,11/4/2009,,
beach6_buoy,Bat,V,11/5/2009,,
beach6_buoy,Bat,V,11/6/2009,,
beach6_buoy,Bat,V,11/7/2009,,
beach6_buoy,Bat,V,11/8/2009,,
beach6_buoy,Bat,V,11/9/2009,,
beach6_buoy,Bat,V,11/10/2009,,
beach6_buoy,Bat,V,11/11/2009,,
beach6_buoy,Bat,V,11/12/2009,,
beach6_buoy,Bat,V,11/13/2009,,
beach6_buoy,Bat,V,11/14/2009,,
beach6_buoy,Bat,V,11/15/2009,,
beach6_buoy,Bat,V,11/16/2009,,
beach6_buoy,Bat,V,11/17/2009,,
beach6_buoy,Bat,V,11/18/2009,,
beach6_buoy,Bat,V,11/19/2009,,
beach6_buoy,Bat,V,11/20/2009,,
beach6_buoy,Bat,V,11/21/2009,,
beach6_buoy,Bat,V,11/22/2009,,
beach6_buoy,Bat,V,11/23/2009,,
beach6_buoy,Bat,V,11/24/2009,,
beach6_buoy,Bat,V,11/25/2009,,
beach6_buoy,Bat,V,11/26/2009,,
beach6_buoy,Bat,V,11/27/2009,,
beach6_buoy,Bat,V,11/28/2009,,
beach6_buoy,Bat,V,11/29/2009,,
beach6_buoy,Bat,V,11/30/2009,,
beach6_buoy,Bat,V,12/1/2009,,
beach6_buoy,Bat,V,12/2/2009,,
beach6_buoy,Bat,V,12/3/2009,,
beach6_buoy,Bat,V,12/4/2009,,
beach6_buoy,Bat,V,12/5/2009,,
beach6_buoy,Bat,V,12/6/2009,,
beach6_buoy,Bat,V,12/7/2009,,
beach6_buoy,Bat,V,12/8/2009,,
beach6_buoy,Bat,V,12/9/2009,,
beach6_buoy,Bat,V,12/10/2009,,
beach6_buoy,Bat,V,12/11/2009,,
beach6_buoy,Bat,V,12/12/2009,,
beach6_buoy,Bat,V,12/13/2009,,
beach6_buoy,Bat,V,12/14/2009,,
beach6_buoy,Bat,V,12/15/2009,,
beach6_buoy,Bat,V,12/16/2009,,
beach6_buoy,Bat,V,12/17/2009,,
beach6_buoy,Bat,V,12/18/2009,,
beach6_buoy,Bat,V,12/19/2009,,
beach6_buoy,Bat,V,12/20/2009,,
beach6_buoy,Bat,V,12/21/2009,,
beach6_buoy,Bat,V,12/22/2009,,
beach6_buoy,Bat,V,12/23/2009,,
beach6_buoy,Bat,V,12/24/2009,,
beach6_buoy,Bat,V,12/25/2009,,
beach6_buoy,Bat,V,12/26/2009,,
beach6_buoy,Bat,V,12/27/2009,,
beach6_buoy,Bat,V,12/28/2009,,
beach6_buoy,Bat,V,12/29/2009,,
beach6_buoy,Bat,V,12/30/2009,,
beach6_buoy,Bat,V,12/31/2009,,
beach6_buoy,Bat,V,1/1/2010,,
beach6_buoy,Bat,V,1/2/2010,,
beach6_buoy,Bat,V,1/3/2010,,
beach6_buoy,Bat,V,1/4/2010,,
beach6_buoy,Bat,V,1/5/2010,,
beach6_buoy,Bat,V,1/6/2010,,
beach6_buoy,Bat,V,1/7/2010,,
beach6_buoy,Bat,V,1/8/2010,,
beach6_buoy,Bat,V,1/9/2010,,
beach6_buoy,Bat,V,1/10/2010,,
beach6_buoy,Bat,V,1/11/2010,,
beach6_buoy,Bat,V,1/12/2010,,
beach6_buoy,Bat,V,1/13/2010,,
beach6_buoy,Bat,V,1/14/2010,,
beach6_buoy,Bat,V,1/15/2010,,
beach6_buoy,Bat,V,1/16/2010,,
beach6_buoy,Bat,V,1/17/2010,,
beach6_buoy,Bat,V,1/18/2010,,
beach6_buoy,Bat,V,1/19/2010,,
beach6_buoy,Bat,V,1/20/2010,,
beach6_buoy,Bat,V,1/21/2010,,
beach6_buoy,Bat,V,1/22/2010,,
beach6_buoy,Bat,V,1/23/2010,,
beach6_buoy,Bat,V,1/24/2010,,
beach6_buoy,Bat,V,1/25/2010,,
beach6_buoy,Bat,V,1/26/2010,,
beach6_buoy,Bat,V,1/27/2010,,
beach6_buoy,Bat,V,1/28/2010,,
beach6_buoy,Bat,V,1/29/2010,,
beach6_buoy,Bat,V,1/30/2010,,
beach6_buoy,Bat,V,1/31/2010,,
beach6_buoy,Bat,V,2/1/2010,,
beach6_buoy,Bat,V,2/2/2010,,
beach6_buoy,Bat,V,2/3/2010,,
beach6_buoy,Bat,V,2/4/2010,,
beach6_buoy,Bat,V,2/5/2010,,
beach6_buoy,Bat,V,2/6/2010,,
beach6_buoy,Bat,V,2/7/2010,,
beach6_buoy,Bat,V,2/8/2010,,
beach6_buoy,Bat,V,2/9/2010,,
beach6_buoy,Bat,V,2/10/2010,,
beach6_buoy,Bat,V,2/11/2010,,
beach6_buoy,Bat,V,2/12/2010,,
beach6_buoy,Bat,V,2/13/2010,,
beach6_buoy,Bat,V,2/14/2010,,
beach6_buoy,Bat,V,2/15/2010,,
beach6_buoy,Bat,V,2/16/2010,,
beach6_buoy,Bat,V,2/17/2010,,
beach6_buoy,Bat,V,2/18/2010,,
beach6_buoy,Bat,V,2/19/2010,,
beach6_buoy,Bat,V,2/20/2010,,
beach6_buoy,Bat,V,2/21/2010,,
beach6_buoy,Bat,V,2/22/2010,,
beach6_buoy,Bat,V,2/23/2010,,
beach6_buoy,Bat,V,2/24/2010,,
beach6_buoy,Bat,V,2/25/2010,,
beach6_buoy,Bat,V,2/26/2010,,
beach6_buoy,Bat,V,2/27/2010,,
beach6_buoy,Bat,V,2/28/2010,,
beach6_buoy,Bat,V,3/1/2010,,
beach6_buoy,Bat,V,3/2/2010,,
beach6_buoy,Bat,V,3/3/2010,,
beach6_buoy,Bat,V,3/4/2010,,
beach6_buoy,Bat,V,3/5/2010,,
beach6_buoy,Bat,V,3/6/2010,,
beach6_buoy,Bat,V,3/7/2010,,
beach6_buoy,Bat,V,3/8/2010,,
beach6_buoy,Bat,V,3/9/2010,,
beach6_buoy,Bat,V,3/10/2010,,
beach6_buoy,Bat,V,3/11/2010,,
beach6_buoy,Bat,V,3/12/2010,,
beach6_buoy,Bat,V,3/13/2010,,
beach6_buoy,Bat,V,3/14/2010,,
beach6_buoy,Bat,V,3/15/2010,,
beach6_buoy,Bat,V,3/16/2010,,
beach6_buoy,Bat,V,3/17/2010,,
beach6_buoy,Bat,V,3/18/2010,,
beach6_buoy,Bat,V,3/19/2010,,
beach6_buoy,Bat,V,3/20/2010,,
beach6_buoy,Bat,V,3/21/2010,,
beach6_buoy,Bat,V,3/22/2010,,
beach6_buoy,Bat,V,3/23/2010,,
beach6_buoy,Bat,V,3/24/2010,,
beach6_buoy,Bat,V,3/25/2010,,
beach6_buoy,Bat,V,3/26/2010,,
beach6_buoy,Bat,V,3/27/2010,,
beach6_buoy,Bat,V,3/28/2010,,
beach6_buoy,Bat,V,3/29/2010,,
beach6_buoy,Bat,V,3/30/2010,,
beach6_buoy,Bat,V,3/31/2010,,
beach6_buoy,Bat,V,4/1/2010,,
beach6_buoy,Bat,V,4/2/2010,,
beach6_buoy,Bat,V,4/3/2010,,
beach6_buoy,Bat,V,4/4/2010,,
beach6_buoy,Bat,V,4/5/2010,,
beach6_buoy,Bat,V,4/6/2010,,
beach6_buoy,Bat,V,4/7/2010,,
beach6_buoy,Bat,V,4/8/2010,,
beach6_buoy,Bat,V,4/9/2010,,
beach6_buoy,Bat,V,4/10/2010,,
beach6_buoy,Bat,V,4/11/2010,,
beach6_buoy,Bat,V,4/12/2010,,
beach6_buoy,Bat,V,4/13/2010,,
beach6_buoy,Bat,V,4/14/2010,,
beach6_buoy,Bat,V,4/15/2010,,
beach6_buoy,Bat,V,4/16/2010,,
beach6_buoy,Bat,V,4/17/2010,,
beach6_buoy,Bat,V,4/18/2010,,
beach6_buoy,Bat,V,4/19/2010,,
beach6_buoy,Bat,V,4/20/2010,,
beach6_buoy,Bat,V,4/21/2010,,
beach6_buoy,Bat,V,4/22/2010,,
beach6_buoy,Bat,V,4/23/2010,,
beach6_buoy,Bat,V,4/24/2010,,
beach6_buoy,Bat,V,4/25/2010,,
beach6_buoy,Bat,V,4/26/2010,,
beach6_buoy,Bat,V,4/27/2010,,
beach6_buoy,Bat,V,4/28/2010,,
beach6_buoy,Bat,V,4/29/2010,,
beach6_buoy,Bat,V,4/30/2010,,
beach6_buoy,Bat,V,5/1/2010,,
beach6_buoy,Bat,V,5/2/2010,,
beach6_buoy,Bat,V,5/3/2010,,
beach6_buoy,Bat,V,5/4/2010,,
beach6_buoy,Bat,V,5/5/2010,,
beach6_buoy,Bat,V,5/6/2010,,
beach6_buoy,Bat,V,5/7/2010,,
beach6_buoy,Bat,V,5/8/2010,,
beach6_buoy,Bat,V,5/9/2010,,
beach6_buoy,Bat,V,5/10/2010,,
beach6_buoy,Bat,V,5/11/2010,,
beach6_buoy,Bat,V,5/12/2010,,
beach6_buoy,Bat,V,5/13/2010,,
beach6_buoy,Bat,V,5/14/2010,,
beach6_buoy,Bat,V,5/15/2010,,
beach6_buoy,Bat,V,5/16/2010,,
beach6_buoy,Bat,V,5/17/2010,,
beach6_buoy,Bat,V,5/18/2010,,
beach6_buoy,Bat,V,5/19/2010,,
beach6_buoy,Bat,V,5/20/2010,,
beach6_buoy,Bat,V,5/21/2010,,
beach6_buoy,Bat,V,5/22/2010,,
beach6_buoy,Bat,V,5/23/2010,,
beach6_buoy,Bat,V,5/24/2010,,
beach6_buoy,Bat,V,5/25/2010,,
beach6_buoy,Bat,V,5/26/2010,,
beach6_buoy,Bat,V,5/27/2010,,
beach6_buoy,Bat,V,5/28/2010,,
beach6_buoy,Bat,V,5/29/2010,,
beach6_buoy,Bat,V,5/30/2010,,
beach6_buoy,Bat,V,5/31/2010,,
beach6_buoy,Bat,V,6/1/2010,,
beach6_buoy,Bat,V,6/2/2010,14.116666666666667,0.2885671984778983
beach6_buoy,Bat,V,6/3/2010,14.39236111111111,0.6225460761571128
beach6_buoy,Bat,V,6/4/2010,14.560416666666669,0.9003665725886115
beach6_buoy,Bat,V,6/5/2010,14.513194444444444,0.8906072830133009
beach6_buoy,Bat,V,6/6/2010,14.308333333333334,0.7739192780587971
beach6_buoy,Bat,V,6/7/2010,14.737499999999999,0.9950840706655416
beach6_buoy,Bat,V,6/8/2010,14.40625,0.6567794650674346
beach6_buoy,Bat,V,6/9/2010,14.074305555555556,0.47316026170382636
beach6_buoy,Bat,V,6/10/2010,14.667361111111111,0.8879795453064622
beach6_buoy,Bat,V,6/11/2010,14.57152777777778,0.9100574941066323
beach6_buoy,Bat,V,6/12/2010,14.579166666666667,0.8643583658502901
beach6_buoy,Bat,V,6/13/2010,14.094444444444443,0.5090478947307019
beach6_buoy,Bat,V,6/14/2010,14.381118881118882,0.6887374700632759
beach6_buoy,Bat,V,6/15/2010,14.547916666666667,0.8629894982709085
beach6_buoy,Bat,V,6/16/2010,14.380555555555556,0.8004612112639492
beach6_buoy,Bat,V,6/17/2010,14.32318841,0.6362859678299487
beach6_buoy,Bat,V,6/18/2010,14.638194444444444,0.9514065059423009
beach6_buoy,Bat,V,6/19/2010,14.568750000000001,0.8974297993465801
beach6_buoy,Bat,V,6/20/2010,14.59375,0.926397546
beach6_buoy,Bat,V,6/21/2010,14.399305555555555,0.6615828157281792
beach6_buoy,Bat,V,6/22/2010,14.413194444444445,0.7897283349645269
beach6_buoy,Bat,V,6/23/2010,14.429861111111112,0.6670129491106399
beach6_buoy,Bat,V,6/24/2010,14.381250000000001,0.8239397722235207
beach6_buoy,Bat,V,6/25/2010,14.447222222222223,0.6766788957063218
beach6_buoy,Bat,V,6/26/2010,14.334027777777777,0.6636583494671067
beach6_buoy,Bat,V,6/27/2010,14.299999999999999,0.6997502051806421
beach6_buoy,Bat,V,6/28/2010,14.479166666666666,0.8541036277835415
beach6_buoy,Bat,V,6/29/2010,14.742361111111112,1.086701550700677
beach6_buoy,Bat,V,6/30/2010,14.654861111111112,0.9224344395458646
beach6_buoy,Bat,V,7/1/2010,14.529861111111112,0.7636020511124191
beach6_buoy,Bat,V,7/2/2010,14.460416666666667,0.7175345073449565
beach6_buoy,Bat,V,7/3/2010,14.500694444444443,0.7391638186073164
beach6_buoy,Bat,V,7/4/2010,14.441666666666666,0.6846468131389053
beach6_buoy,Bat,V,7/5/2010,14.455555555555556,0.7273649902626811
beach6_buoy,Bat,V,7/6/2010,14.377777777777778,0.6545638001400392
beach6_buoy,Bat,V,7/7/2010,14.47361111111111,0.7547505595548812
beach6_buoy,Bat,V,7/8/2010,14.377083333333335,0.6475039487419079
beach6_buoy,Bat,V,7/9/2010,14.128472222222221,0.5783583222132697
beach6_buoy,Bat,V,7/10/2010,14.590972222222222,0.850825448
beach6_buoy,Bat,V,7/11/2010,14.466666666666665,0.7458978726096753
beach6_buoy,Bat,V,7/12/2010,14.353472222222223,0.6628939725200541
beach6_buoy,Bat,V,7/13/2010,14.30347222222222,0.6156937294254092
beach6_buoy,Bat,V,7/14/2010,14.512500000000001,0.99163459
beach6_buoy,Bat,V,7/15/2010,14.40625,0.6760869259707138
beach6_buoy,Bat,V,7/16/2010,14.396527777777777,0.7247293388621813
beach6_buoy,Bat,V,7/17/2010,14.459027777777777,0.814931735
beach6_buoy,Bat,V,7/18/2010,14.35763888888889,0.6503984643225736
beach6_buoy,Bat,V,7/19/2010,14.435416666666665,0.8331815129768725
beach6_buoy,Bat,V,7/20/2010,14.300694444444446,0.6653771765711435
beach6_buoy,Bat,V,7/21/2010,14.549305555555556,0.932925058
beach6_buoy,Bat,V,7/22/2010,14.335416666666667,0.6127398916548309
beach6_buoy,Bat,V,7/23/2010,14.3125,0.8065184610236933
beach6_buoy,Bat,V,7/24/2010,14.390277777777776,0.6574287107455136
beach6_buoy,Bat,V,7/25/2010,14.090277777777779,0.49293178075849453
beach6_buoy,Bat,V,7/26/2010,14.589583333333334,0.9190842774691053
beach6_buoy,Bat,V,7/27/2010,14.411805555555556,0.6805485783699552
beach6_buoy,Bat,V,7/28/2010,14.461111111111112,0.8521557288250711
beach6_buoy,Bat,V,7/29/2010,14.082222222222223,0.7071996274965892
beach6_buoy,Bat,V,7/30/2010,,
beach6_buoy,Bat,V,7/31/2010,,
beach6_buoy,Bat,V,8/1/2010,,
beach6_buoy,Bat,V,8/2/2010,,
beach6_buoy,Bat,V,8/3/2010,,
beach6_buoy,Bat,V,8/4/2010,,
beach6_buoy,Bat,V,8/5/2010,,
beach6_buoy,Bat,V,8/6/2010,,
beach6_buoy,Bat,V,8/7/2010,,
beach6_buoy,Bat,V,8/8/2010,,
beach6_buoy,Bat,V,8/9/2010,,
beach6_buoy,Bat,V,8/10/2010,,
beach6_buoy,Bat,V,8/11/2010,,
beach6_buoy,Bat,V,8/12/2010,,
beach6_buoy,Bat,V,8/13/2010,,
beach6_buoy,Bat,V,8/14/2010,,
beach6_buoy,Bat,V,8/15/2010,,
beach6_buoy,Bat,V,8/16/2010,,
beach6_buoy,Bat,V,8/17/2010,,
beach6_buoy,Bat,V,8/18/2010,,
beach6_buoy,Bat,V,8/19/2010,,
beach6_buoy,Bat,V,8/20/2010,,
beach6_buoy,Bat,V,8/21/2010,,
beach6_buoy,Bat,V,8/22/2010,,
beach6_buoy,Bat,V,8/23/2010,,
beach6_buoy,Bat,V,8/24/2010,,
beach6_buoy,Bat,V,8/25/2010,,
beach6_buoy,Bat,V,8/26/2010,,
beach6_buoy,Bat,V,8/27/2010,,
beach6_buoy,Bat,V,8/28/2010,,
beach6_buoy,Bat,V,8/29/2010,14.677777777777777,0.905375732
beach6_buoy,Bat,V,8/30/2010,14.461111111111112,0.8262402088211901
beach6_buoy,Bat,V,8/31/2010,14.225000000000001,0.5895950963350848
beach6_buoy,Bat,V,9/1/2010,14.424999999999999,0.7723816586205468
beach6_buoy,Bat,V,9/2/2010,14.370833333333334,0.6773947419072829
beach6_buoy,Bat,V,9/3/2010,14.288194444444445,0.7029902691860803
beach6_buoy,Bat,V,9/4/2010,14.381944444444445,0.6807701087356439
beach6_buoy,Bat,V,9/5/2010,14.436111111111112,0.8079682808209376
beach6_buoy,Bat,V,9/6/2010,14.395138888888889,0.8450042298161295
beach6_buoy,Bat,V,9/7/2010,14.387500000000001,0.6836630053579807
beach6_buoy,Bat,V,9/8/2010,14.512500000000001,0.8777653604306953
beach6_buoy,Bat,V,9/9/2010,14.329166666666667,0.6972347980675978
beach6_buoy,Bat,V,9/10/2010,14.34861111111111,0.6752348579880295
beach6_buoy,Bat,V,9/11/2010,14.182945736434108,0.559593048
beach6_buoy,Bat,V,9/12/2010,14.383333333333333,0.7588176301353284
beach6_buoy,Bat,V,9/13/2010,14.382638888888888,0.7428286384957062
beach6_buoy,Bat,V,9/14/2010,14.350000000000001,0.7538247463779301
beach6_buoy,Bat,V,9/15/2010,14.331944444444446,0.7422940040848959
beach6_buoy,Bat,V,9/16/2010,14.39722222222222,0.7383542883785916
beach6_buoy,Bat,V,9/17/2010,14.448611111111111,0.8571367289898224
beach6_buoy,Bat,V,9/18/2010,14.260416666666666,0.5787880694784828
beach6_buoy,Bat,V,9/19/2010,14.374305555555557,0.6795459742782175
beach6_buoy,Bat,V,9/20/2010,14.344444444444443,0.6743842337970937
beach6_buoy,Bat,V,9/21/2010,14.08125,0.47555175903835756
beach6_buoy,Bat,V,9/22/2010,14.14375,0.6909726346377124
beach6_buoy,Bat,V,9/23/2010,14.22361111111111,0.8265681101487292
beach6_buoy,Bat,V,9/24/2010,14.300694444444446,0.6475879428657874
beach6_buoy,Bat,V,9/25/2010,14.430555555555555,0.8418492612755439
beach6_buoy,Bat,V,9/26/2010,14.616666666666667,1.088336126605898
beach6_buoy,Bat,V,9/27/2010,14.295833333333333,0.6490310152382998
beach6_buoy,Bat,V,9/28/2010,14.304166666666667,0.6715887644470147
beach6_buoy,Bat,V,9/29/2010,14.258333333333333,0.6476962941923392
beach6_buoy,Bat,V,9/30/2010,14.25486111111111,0.6311084555548931
beach6_buoy,Bat,V,10/1/2010,14.283333333333335,0.6665850765923774
beach6_buoy,Bat,V,10/2/2010,14.381944444444445,0.852200178
beach6_buoy,Bat,V,10/3/2010,14.378472222222221,0.8008005779571874
beach6_buoy,Bat,V,10/4/2010,14.234722222222224,0.6697582743618374
beach6_buoy,Bat,V,10/5/2010,14.022222222222222,0.40494227240218333
beach6_buoy,Bat,V,10/6/2010,14.511111111111111,1.068435305
beach6_buoy,Bat,V,10/7/2010,14.284027777777778,0.6669692640766883
beach6_buoy,Bat,V,10/8/2010,14.320138888888888,0.7575798659562257
beach6_buoy,Bat,V,10/9/2010,13.979166666666666,0.3968186424111599
beach6_buoy,Bat,V,10/10/2010,14.22361111111111,0.7123276246999312
beach6_buoy,Bat,V,10/11/2010,14.44652777777778,0.9335931935116332
beach6_buoy,Bat,V,10/12/2010,14.349305555555556,0.7972853002776661
beach6_buoy,Bat,V,10/13/2010,14.225694444444445,0.7514784056077697
beach6_buoy,Bat,V,10/14/2010,14.412500000000001,0.8053036607479097
beach6_buoy,Bat,V,10/15/2010,14.363888888888889,0.7954073690084119
beach6_buoy,Bat,V,10/16/2010,14.444444444444445,0.9530794973980552
beach6_buoy,Bat,V,10/17/2010,13.698611111111111,0.18396796282019107
beach6_buoy,Bat,V,10/18/2010,13.980555555555556,0.4280836755304184
beach6_buoy,Bat,V,10/19/2010,14.379166666666666,0.8127373241348995
beach6_buoy,Bat,V,10/20/2010,14.084722222222222,0.5659720821952243
beach6_buoy,Bat,V,10/21/2010,14.408333333333335,0.9085068053595488
beach6_buoy,Bat,V,10/22/2010,14.181944444444445,0.5547824846582724
beach6_buoy,Bat,V,10/23/2010,14.12638888888889,0.5666718085602455
beach6_buoy,Bat,V,10/24/2010,14.21736111111111,0.6500489342646588
beach6_buoy,Bat,V,10/25/2010,14.22013888888889,0.7310859688584476
beach6_buoy,Bat,V,10/26/2010,13.76875,0.2537739619744775
beach6_buoy,Bat,V,10/27/2010,13.794444444444444,0.31595737027178195
beach6_buoy,Bat,V,10/28/2010,13.583333333333334,0.060302269
beach6_buoy,Bat,V,10/29/2010,13.784027777777778,0.2688132932642785
beach6_buoy,Bat,V,10/30/2010,14.078472222222222,0.5619848932151295
beach6_buoy,Bat,V,10/31/2010,14.027272727272727,0.4996029153071002
beach6_buoy,Bat,V,11/1/2010,14.09236111111111,0.7464676594394194
beach6_buoy,Bat,V,11/2/2010,13.602702702702704,0.016439898730535692
beach6_buoy,Bat,V,11/3/2010,,
beach6_buoy,Bat,V,11/4/2010,,
beach6_buoy,Bat,V,11/5/2010,,
beach6_buoy,Bat,V,11/6/2010,,
beach6_buoy,Bat,V,11/7/2010,,
beach6_buoy,Bat,V,11/8/2010,,
beach6_buoy,Bat,V,11/9/2010,,
beach6_buoy,Bat,V,11/10/2010,,
beach6_buoy,Bat,V,11/11/2010,,
beach6_buoy,Bat,V,11/12/2010,,
beach6_buoy,Bat,V,11/13/2010,,
beach6_buoy,Bat,V,11/14/2010,,
beach6_buoy,Bat,V,11/15/2010,,
beach6_buoy,Bat,V,11/16/2010,,
beach6_buoy,Bat,V,11/17/2010,,
beach6_buoy,Bat,V,11/18/2010,,
beach6_buoy,Bat,V,11/19/2010,,
beach6_buoy,Bat,V,11/20/2010,,
beach6_buoy,Bat,V,11/21/2010,,
beach6_buoy,Bat,V,11/22/2010,,
beach6_buoy,Bat,V,11/23/2010,,
beach6_buoy,Bat,V,11/24/2010,,
beach6_buoy,Bat,V,11/25/2010,,
beach6_buoy,Bat,V,11/26/2010,,
beach6_buoy,Bat,V,11/27/2010,,
beach6_buoy,Bat,V,11/28/2010,,
beach6_buoy,Bat,V,11/29/2010,,
beach6_buoy,Bat,V,11/30/2010,,
beach6_buoy,Bat,V,12/1/2010,,
beach6_buoy,Bat,V,12/2/2010,,
beach6_buoy,Bat,V,12/3/2010,,
beach6_buoy,Bat,V,12/4/2010,,
beach6_buoy,Bat,V,12/5/2010,,
beach6_buoy,Bat,V,12/6/2010,,
beach6_buoy,Bat,V,12/7/2010,,
beach6_buoy,Bat,V,12/8/2010,,
beach6_buoy,Bat,V,12/9/2010,,
beach6_buoy,Bat,V,12/10/2010,,
beach6_buoy,Bat,V,12/11/2010,,
beach6_buoy,Bat,V,12/12/2010,,
beach6_buoy,Bat,V,12/13/2010,,
beach6_buoy,Bat,V,12/14/2010,,
beach6_buoy,Bat,V,12/15/2010,,
beach6_buoy,Bat,V,12/16/2010,,
beach6_buoy,Bat,V,12/17/2010,,
beach6_buoy,Bat,V,12/18/2010,,
beach6_buoy,Bat,V,12/19/2010,,
beach6_buoy,Bat,V,12/20/2010,,
beach6_buoy,Bat,V,12/21/2010,,
beach6_buoy,Bat,V,12/22/2010,,
beach6_buoy,Bat,V,12/23/2010,,
beach6_buoy,Bat,V,12/24/2010,,
beach6_buoy,Bat,V,12/25/2010,,
beach6_buoy,Bat,V,12/26/2010,,
beach6_buoy,Bat,V,12/27/2010,,
beach6_buoy,Bat,V,12/28/2010,,
beach6_buoy,Bat,V,12/29/2010,,
beach6_buoy,Bat,V,12/30/2010,,
beach6_buoy,Bat,V,12/31/2010,,
beach6_buoy,Bat,V,1/1/2011,,
beach6_buoy,Bat,V,1/2/2011,,
beach6_buoy,Bat,V,1/3/2011,,
beach6_buoy,Bat,V,1/4/2011,,
beach6_buoy,Bat,V,1/5/2011,,
beach6_buoy,Bat,V,1/6/2011,,
beach6_buoy,Bat,V,1/7/2011,,
beach6_buoy,Bat,V,1/8/2011,,
beach6_buoy,Bat,V,1/9/2011,,
beach6_buoy,Bat,V,1/10/2011,,
beach6_buoy,Bat,V,1/11/2011,,
beach6_buoy,Bat,V,1/12/2011,,
beach6_buoy,Bat,V,1/13/2011,,
beach6_buoy,Bat,V,1/14/2011,,
beach6_buoy,Bat,V,1/15/2011,,
beach6_buoy,Bat,V,1/16/2011,,
beach6_buoy,Bat,V,1/17/2011,,
beach6_buoy,Bat,V,1/18/2011,,
beach6_buoy,Bat,V,1/19/2011,,
beach6_buoy,Bat,V,1/20/2011,,
beach6_buoy,Bat,V,1/21/2011,,
beach6_buoy,Bat,V,1/22/2011,,
beach6_buoy,Bat,V,1/23/2011,,
beach6_buoy,Bat,V,1/24/2011,,
beach6_buoy,Bat,V,1/25/2011,,
beach6_buoy,Bat,V,1/26/2011,,
beach6_buoy,Bat,V,1/27/2011,,
beach6_buoy,Bat,V,1/28/2011,,
beach6_buoy,Bat,V,1/29/2011,,
beach6_buoy,Bat,V,1/30/2011,,
beach6_buoy,Bat,V,1/31/2011,,
beach6_buoy,Bat,V,2/1/2011,,
beach6_buoy,Bat,V,2/2/2011,,
beach6_buoy,Bat,V,2/3/2011,,
beach6_buoy,Bat,V,2/4/2011,,
beach6_buoy,Bat,V,2/5/2011,,
beach6_buoy,Bat,V,2/6/2011,,
beach6_buoy,Bat,V,2/7/2011,,
beach6_buoy,Bat,V,2/8/2011,,
beach6_buoy,Bat,V,2/9/2011,,
beach6_buoy,Bat,V,2/10/2011,,
beach6_buoy,Bat,V,2/11/2011,,
beach6_buoy,Bat,V,2/12/2011,,
beach6_buoy,Bat,V,2/13/2011,,
beach6_buoy,Bat,V,2/14/2011,,
beach6_buoy,Bat,V,2/15/2011,,
beach6_buoy,Bat,V,2/16/2011,,
beach6_buoy,Bat,V,2/17/2011,,
beach6_buoy,Bat,V,2/18/2011,,
beach6_buoy,Bat,V,2/19/2011,,
beach6_buoy,Bat,V,2/20/2011,,
beach6_buoy,Bat,V,2/21/2011,,
beach6_buoy,Bat,V,2/22/2011,,
beach6_buoy,Bat,V,2/23/2011,,
beach6_buoy,Bat,V,2/24/2011,,
beach6_buoy,Bat,V,2/25/2011,,
beach6_buoy,Bat,V,2/26/2011,,
beach6_buoy,Bat,V,2/27/2011,,
beach6_buoy,Bat,V,2/28/2011,,
beach6_buoy,Bat,V,3/1/2011,,
beach6_buoy,Bat,V,3/2/2011,,
beach6_buoy,Bat,V,3/3/2011,,
beach6_buoy,Bat,V,3/4/2011,,
beach6_buoy,Bat,V,3/5/2011,,
beach6_buoy,Bat,V,3/6/2011,,
beach6_buoy,Bat,V,3/7/2011,,
beach6_buoy,Bat,V,3/8/2011,,
beach6_buoy,Bat,V,3/9/2011,,
beach6_buoy,Bat,V,3/10/2011,,
beach6_buoy,Bat,V,3/11/2011,,
beach6_buoy,Bat,V,3/12/2011,,
beach6_buoy,Bat,V,3/13/2011,,
beach6_buoy,Bat,V,3/14/2011,,
beach6_buoy,Bat,V,3/15/2011,,
beach6_buoy,Bat,V,3/16/2011,,
beach6_buoy,Bat,V,3/17/2011,,
beach6_buoy,Bat,V,3/18/2011,,
beach6_buoy,Bat,V,3/19/2011,,
beach6_buoy,Bat,V,3/20/2011,,
beach6_buoy,Bat,V,3/21/2011,,
beach6_buoy,Bat,V,3/22/2011,,
beach6_buoy,Bat,V,3/23/2011,,
beach6_buoy,Bat,V,3/24/2011,,
beach6_buoy,Bat,V,3/25/2011,,
beach6_buoy,Bat,V,3/26/2011,,
beach6_buoy,Bat,V,3/27/2011,,
beach6_buoy,Bat,V,3/28/2011,,
beach6_buoy,Bat,V,3/29/2011,,
beach6_buoy,Bat,V,3/30/2011,,
beach6_buoy,Bat,V,3/31/2011,,
beach6_buoy,Bat,V,4/1/2011,,
beach6_buoy,Bat,V,4/2/2011,,
beach6_buoy,Bat,V,4/3/2011,,
beach6_buoy,Bat,V,4/4/2011,,
beach6_buoy,Bat,V,4/5/2011,,
beach6_buoy,Bat,V,4/6/2011,,
beach6_buoy,Bat,V,4/7/2011,,
beach6_buoy,Bat,V,4/8/2011,,
beach6_buoy,Bat,V,4/9/2011,,
beach6_buoy,Bat,V,4/10/2011,,
beach6_buoy,Bat,V,4/11/2011,,
beach6_buoy,Bat,V,4/12/2011,,
beach6_buoy,Bat,V,4/13/2011,,
beach6_buoy,Bat,V,4/14/2011,,
beach6_buoy,Bat,V,4/15/2011,,
beach6_buoy,Bat,V,4/16/2011,,
beach6_buoy,Bat,V,4/17/2011,,
beach6_buoy,Bat,V,4/18/2011,,
beach6_buoy,Bat,V,4/19/2011,,
beach6_buoy,Bat,V,4/20/2011,,
beach6_buoy,Bat,V,4/21/2011,,
beach6_buoy,Bat,V,4/22/2011,,
beach6_buoy,Bat,V,4/23/2011,,
beach6_buoy,Bat,V,4/24/2011,,
beach6_buoy,Bat,V,4/25/2011,,
beach6_buoy,Bat,V,4/26/2011,,
beach6_buoy,Bat,V,4/27/2011,,
beach6_buoy,Bat,V,4/28/2011,,
beach6_buoy,Bat,V,4/29/2011,,
beach6_buoy,Bat,V,4/30/2011,,
beach6_buoy,Bat,V,5/1/2011,,
beach6_buoy,Bat,V,5/2/2011,,
beach6_buoy,Bat,V,5/3/2011,,
beach6_buoy,Bat,V,5/4/2011,,
beach6_buoy,Bat,V,5/5/2011,,
beach6_buoy,Bat,V,5/6/2011,,
beach6_buoy,Bat,V,5/7/2011,,
beach6_buoy,Bat,V,5/8/2011,,
beach6_buoy,Bat,V,5/9/2011,,
beach6_buoy,Bat,V,5/10/2011,,
beach6_buoy,Bat,V,5/11/2011,,
beach6_buoy,Bat,V,5/12/2011,,
beach6_buoy,Bat,V,5/13/2011,,
beach6_buoy,Bat,V,5/14/2011,,
beach6_buoy,Bat,V,5/15/2011,,
beach6_buoy,Bat,V,5/16/2011,,
beach6_buoy,Bat,V,5/17/2011,,
beach6_buoy,Bat,V,5/18/2011,,
beach6_buoy,Bat,V,5/19/2011,,
beach6_buoy,Bat,V,5/20/2011,11.615,0.2058998223459769
beach6_buoy,Bat,V,5/21/2011,12.108333333333334,0.4621104838572488
beach6_buoy,Bat,V,5/22/2011,12.204166666666666,0.43071357582175546
beach6_buoy,Bat,V,5/23/2011,12.672916666666666,1.1386329211286728
beach6_buoy,Bat,V,5/24/2011,12.995833333333332,1.349697891071598
beach6_buoy,Bat,V,5/25/2011,12.6625,0.9604132532515763
beach6_buoy,Bat,V,5/26/2011,12.579166666666667,0.9959403411452747
beach6_buoy,Bat,V,5/27/2011,12.4375,0.774493658
beach6_buoy,Bat,V,5/28/2011,12.516666666666666,0.8745414198512621
beach6_buoy,Bat,V,5/29/2011,12.5875,0.8216809444474684
beach6_buoy,Bat,V,5/30/2011,12.5375,0.6683179903086648
beach6_buoy,Bat,V,5/31/2011,12.53191489361702,0.6400089615468786
beach6_buoy,Bat,V,6/1/2011,12.793750000000001,1.0138207172910356
beach6_buoy,Bat,V,6/2/2011,12.764583333333334,0.9270152477190138
beach6_buoy,Bat,V,6/3/2011,12.706249999999999,0.917769324
beach6_buoy,Bat,V,6/4/2011,12.547916666666666,0.8348753463671271
beach6_buoy,Bat,V,6/5/2011,12.727083333333333,0.9341601264472652
beach6_buoy,Bat,V,6/6/2011,12.5625,0.7265848415119134
beach6_buoy,Bat,V,6/7/2011,12.489583333333334,0.9006474227697776
beach6_buoy,Bat,V,6/8/2011,12.677083333333334,0.7965990430957057
beach6_buoy,Bat,V,6/9/2011,12.799999999999999,1.026458484926008
beach6_buoy,Bat,V,6/10/2011,12.646808510638298,0.9122001744062881
beach6_buoy,Bat,V,6/11/2011,12.516666666666666,0.722976511
beach6_buoy,Bat,V,6/12/2011,12.485416666666666,0.7554031144019902
beach6_buoy,Bat,V,6/13/2011,12.729166666666666,0.9773952212077345
beach6_buoy,Bat,V,6/14/2011,12.829166666666666,1.1639913601590095
beach6_buoy,Bat,V,6/15/2011,12.654347826086957,0.7638227024466786
beach6_buoy,Bat,V,6/16/2011,12.375,0.6068754998683222
beach6_buoy,Bat,V,6/17/2011,12.741666666666667,1.0588699985167511
beach6_buoy,Bat,V,6/18/2011,12.579166666666666,0.6853973326079543
beach6_buoy,Bat,V,6/19/2011,12.679166666666667,0.8366494304686678
beach6_buoy,Bat,V,6/20/2011,12.5875,0.7700856542577688
beach6_buoy,Bat,V,6/21/2011,12.625531914893617,0.7797625293768398
beach6_buoy,Bat,V,6/22/2011,12.6875,0.9503918564734564
beach6_buoy,Bat,V,6/23/2011,12.647916666666667,0.8116150390617503
beach6_buoy,Bat,V,6/24/2011,12.606250000000001,1.0242602416149866
beach6_buoy,Bat,V,6/25/2011,11.46875,1.001096473341191
beach6_buoy,Bat,V,6/26/2011,9.014583333333333,2.604169290778819
beach6_buoy,Bat,V,6/27/2011,5.216666666666667,0.069445626
beach6_buoy,Bat,V,6/28/2011,9.435416666666667,3.4592761254425377
beach6_buoy,Bat,V,6/29/2011,12.179166666666667,0.25092029194108884
beach6_buoy,Bat,V,6/30/2011,12.558333333333332,0.6781807119154772
beach6_buoy,Bat,V,7/1/2011,12.483333333333334,0.5944184833375661
beach6_buoy,Bat,V,7/2/2011,12.451063829787236,0.6035663359765392
beach6_buoy,Bat,V,7/3/2011,12.506382978723403,0.6572023231981319
beach6_buoy,Bat,V,7/4/2011,12.395833333333334,0.6239743357151842
beach6_buoy,Bat,V,7/5/2011,12.518749999999999,0.7673264583063859
beach6_buoy,Bat,V,7/6/2011,12.487499999999999,0.6730764554592713
beach6_buoy,Bat,V,7/7/2011,12.487499999999999,0.71596535
beach6_buoy,Bat,V,7/8/2011,12.391666666666666,0.5429757775771038
beach6_buoy,Bat,V,7/9/2011,12.474468085106382,0.6611807899529258
beach6_buoy,Bat,V,7/10/2011,12.541666666666666,0.764597887
beach6_buoy,Bat,V,7/11/2011,12.445833333333333,0.8449998950858135
beach6_buoy,Bat,V,7/12/2011,12.448936170212766,0.7401152496697452
beach6_buoy,Bat,V,7/13/2011,12.540425531914893,0.781486759
beach6_buoy,Bat,V,7/14/2011,12.483333333333334,0.7026797743269877
beach6_buoy,Bat,V,7/15/2011,12.439583333333333,0.5648345957600122
beach6_buoy,Bat,V,7/16/2011,12.40625,0.5540590067661778
beach6_buoy,Bat,V,7/17/2011,12.508333333333333,0.7022254391403698
beach6_buoy,Bat,V,7/18/2011,12.495833333333332,0.7325148559479173
beach6_buoy,Bat,V,7/19/2011,12.454166666666666,0.7001392971837759
beach6_buoy,Bat,V,7/20/2011,12.442553191489361,0.6694399608923809
beach6_buoy,Bat,V,7/21/2011,12.585416666666667,0.7830626135486151
beach6_buoy,Bat,V,7/22/2011,12.372916666666667,0.5891716447270304
beach6_buoy,Bat,V,7/23/2011,12.459574468085107,0.638837114
beach6_buoy,Bat,V,7/24/2011,12.481250000000001,0.7364828001342704
beach6_buoy,Bat,V,7/25/2011,12.487499999999999,0.711792762
beach6_buoy,Bat,V,7/26/2011,12.475,0.7072572134361351
beach6_buoy,Bat,V,7/27/2011,12.458333333333334,0.6756662065658123
beach6_buoy,Bat,V,7/28/2011,12.151063829787235,0.3282843017777566
beach6_buoy,Bat,V,7/29/2011,7.966666666666668,3.3358359399766226
beach6_buoy,Bat,V,7/30/2011,5.347916666666666,1.0698955175341733
beach6_buoy,Bat,V,7/31/2011,5.195833333333334,0.045933964
beach6_buoy,Bat,V,8/1/2011,5.210416666666666,0.04247444
beach6_buoy,Bat,V,8/2/2011,5.2106382978723405,0.059833256
beach6_buoy,Bat,V,8/3/2011,5.2106382978723405,0.042905572
beach6_buoy,Bat,V,8/4/2011,7.010526315789473,3.1130361629841024
beach6_buoy,ODO,mg/L,5/20/2011,11.996229508196722,0.064837333
beach6_buoy,ODO,mg/L,5/21/2011,11.912500000000001,0.1345674240237647
beach6_buoy,ODO,mg/L,5/22/2011,12.190347222222222,0.2365527874512814
beach6_buoy,ODO,mg/L,5/23/2011,11.690763888888888,0.5367632597417125
beach6_buoy,ODO,mg/L,5/24/2011,10.805694444444445,0.22583691367292338
beach6_buoy,ODO,mg/L,5/25/2011,11.337152777777778,0.3891548367748224
beach6_buoy,ODO,mg/L,5/26/2011,11.419097222222222,0.096837498
beach6_buoy,ODO,mg/L,5/27/2011,11.159236111111111,0.073732458
beach6_buoy,ODO,mg/L,5/28/2011,11.231736111111111,0.1293519612363095
beach6_buoy,ODO,mg/L,5/29/2011,10.951319444444444,0.085085284
beach6_buoy,ODO,mg/L,5/30/2011,11.035416666666666,0.25015484714961495
beach6_buoy,ODO,mg/L,5/31/2011,10.814027777777778,0.18114754425449148
beach6_buoy,ODO,mg/L,6/1/2011,9.848888888888888,0.2549485375497538
beach6_buoy,ODO,mg/L,6/2/2011,9.692569444444445,0.11567827659164685
beach6_buoy,ODO,mg/L,6/3/2011,9.721805555555555,0.20709327913437156
beach6_buoy,ODO,mg/L,6/4/2011,10.339305555555555,0.3426708195897234
beach6_buoy,ODO,mg/L,6/5/2011,10.566713286713286,0.26853220286801743
beach6_buoy,ODO,mg/L,6/6/2011,10.56236111111111,0.32333053972310966
beach6_buoy,ODO,mg/L,6/7/2011,10.206805555555555,0.17708064923236638
beach6_buoy,ODO,mg/L,6/8/2011,9.982847222222222,0.3119298450677273
beach6_buoy,ODO,mg/L,6/9/2011,9.236597222222223,0.22116400013850548
beach6_buoy,ODO,mg/L,6/10/2011,9.59375,0.2593830091863081
beach6_buoy,ODO,mg/L,6/11/2011,9.854097222222222,0.2204680754665455
beach6_buoy,ODO,mg/L,6/12/2011,9.279722222222222,0.10968450907348626
beach6_buoy,ODO,mg/L,6/13/2011,9.281875,0.12379753801905806
beach6_buoy,ODO,mg/L,6/14/2011,9.501319444444444,0.306245586
beach6_buoy,ODO,mg/L,6/15/2011,9.983055555555556,0.21222852763224048
beach6_buoy,ODO,mg/L,6/16/2011,10.054097222222222,0.14102230738802154
beach6_buoy,ODO,mg/L,6/17/2011,9.939513889,0.2424217265676564
beach6_buoy,ODO,mg/L,6/18/2011,10.060555555555556,0.34215846690154567
beach6_buoy,ODO,mg/L,6/19/2011,9.806736111111112,0.13428822910842983
beach6_buoy,ODO,mg/L,6/20/2011,10.147361111111111,0.2621695018644359
beach6_buoy,ODO,mg/L,6/21/2011,10.157569444444444,0.16945097080684304
beach6_buoy,ODO,mg/L,6/22/2011,10.089014084507044,0.1258247639670503
beach6_buoy,ODO,mg/L,6/23/2011,,
beach6_buoy,ODO,mg/L,6/24/2011,,
beach6_buoy,ODO,mg/L,6/25/2011,,
beach6_buoy,ODO,mg/L,6/26/2011,,
beach6_buoy,ODO,mg/L,6/27/2011,,
beach6_buoy,ODO,mg/L,6/28/2011,,
beach6_buoy,ODO,mg/L,6/29/2011,,
beach6_buoy,ODO,mg/L,6/30/2011,,
beach6_buoy,ODO,mg/L,7/1/2011,,
beach6_buoy,ODO,mg/L,7/2/2011,,
beach6_buoy,ODO,mg/L,7/3/2011,,
beach6_buoy,ODO,mg/L,7/4/2011,,
beach6_buoy,ODO,mg/L,7/5/2011,,
beach6_buoy,ODO,mg/L,7/6/2011,,
beach6_buoy,ODO,mg/L,7/7/2011,,
beach6_buoy,ODO,mg/L,7/8/2011,,
beach6_buoy,ODO,mg/L,7/9/2011,,
beach6_buoy,ODO,mg/L,7/10/2011,,
beach6_buoy,ODO,mg/L,7/11/2011,,
beach6_buoy,ODO,mg/L,7/12/2011,,
beach6_buoy,ODO,mg/L,7/13/2011,,
beach6_buoy,ODO,mg/L,7/14/2011,,
beach6_buoy,ODO,mg/L,7/15/2011,,
beach6_buoy,ODO,mg/L,7/16/2011,,
beach6_buoy,ODO,mg/L,7/17/2011,,
beach6_buoy,ODO,mg/L,7/18/2011,,
beach6_buoy,ODO,mg/L,7/19/2011,,
beach6_buoy,ODO,mg/L,7/20/2011,,
beach6_buoy,ODO,mg/L,7/21/2011,,
beach6_buoy,ODO,mg/L,7/22/2011,,
beach6_buoy,ODO,mg/L,7/23/2011,,
beach6_buoy,ODO,mg/L,7/24/2011,,
beach6_buoy,ODO,mg/L,7/25/2011,,
beach6_buoy,ODO,mg/L,7/26/2011,,
beach6_buoy,ODO,mg/L,7/27/2011,,
beach6_buoy,ODO,mg/L,7/28/2011,,
beach6_buoy,ODO,mg/L,7/29/2011,,
beach6_buoy,ODO,mg/L,7/30/2011,,
beach6_buoy,ODO,mg/L,7/31/2011,,
beach6_buoy,ODO,mg/L,8/1/2011,,
beach6_buoy,ODO,mg/L,8/2/2011,8.491224489795918,0.4242841522709662
beach6_buoy,ODO,mg/L,8/3/2011,8.211875,0.431277122
beach6_buoy,ODO,mg/L,8/4/2011,8.019552239,0.22619670198156216
beach6_buoy,ODOSat,%,5/20/2011,105.59508196721312,0.4695480910791437
beach6_buoy,ODOSat,%,5/21/2011,110.10138888888889,4.1793027509467775
beach6_buoy,ODOSat,%,5/22/2011,113.74930555555555,3.0659190553950584
beach6_buoy,ODOSat,%,5/23/2011,109.70694444444445,3.4843637293328955
beach6_buoy,ODOSat,%,5/24/2011,103.63611111111112,1.4422016537036841
beach6_buoy,ODOSat,%,5/25/2011,106.46597222222222,3.0772152335559158
beach6_buoy,ODOSat,%,5/26/2011,106.3125,1.4103947272707973
beach6_buoy,ODOSat,%,5/27/2011,105.11666666666666,1.124364622440507
beach6_buoy,ODOSat,%,5/28/2011,107.07291666666667,2.7074674965279386
beach6_buoy,ODOSat,%,5/29/2011,108.39722222222223,2.220972647899876
beach6_buoy,ODOSat,%,5/30/2011,111.29236111111112,3.538837070669227
beach6_buoy,ODOSat,%,5/31/2011,115.93124999999999,4.016825952697699
beach6_buoy,ODOSat,%,6/1/2011,105.15555555555555,2.9244993063251012
beach6_buoy,ODOSat,%,6/2/2011,101.6576388888889,1.615249871817715
beach6_buoy,ODOSat,%,6/3/2011,101.63333333333334,2.4808638242929426
beach6_buoy,ODOSat,%,6/4/2011,106.95763888888888,3.5084230287135028
beach6_buoy,ODOSat,%,6/5/2011,111.34755244755246,4.072318648947781
beach6_buoy,ODOSat,%,6/6/2011,112.49513888888889,3.626964475873204
beach6_buoy,ODOSat,%,6/7/2011,109.12569444444445,2.5619525586895495
beach6_buoy,ODOSat,%,6/8/2011,109.23888888888888,3.6553076862658633
beach6_buoy,ODOSat,%,6/9/2011,103.60277777777777,2.5091425678499064
beach6_buoy,ODOSat,%,6/10/2011,104.83541666666666,2.248899303420032
beach6_buoy,ODOSat,%,6/11/2011,107.1861111111111,3.4711722110889927
beach6_buoy,ODOSat,%,6/12/2011,101.9076388888889,1.6176076551591714
beach6_buoy,ODOSat,%,6/13/2011,101.00763888888889,1.7504077391574424
beach6_buoy,ODOSat,%,6/14/2011,101.38472222222222,2.4551734858003336
beach6_buoy,ODOSat,%,6/15/2011,102.42708333333333,3.8613237113968877
beach6_buoy,ODOSat,%,6/16/2011,101.95277777777778,2.271500057167643
beach6_buoy,ODOSat,%,6/17/2011,103.20416666666667,3.803970597637723
beach6_buoy,ODOSat,%,6/18/2011,106.93472222222222,4.394836758298315
beach6_buoy,ODOSat,%,6/19/2011,99.00138889,5.589425406889033
beach6_buoy,ODOSat,%,6/20/2011,98.44583333333334,5.917638385
beach6_buoy,ODOSat,%,6/21/2011,101.89375000000001,2.4044021035435157
beach6_buoy,ODOSat,%,6/22/2011,102.16619718309859,3.075894465121213
beach6_buoy,ODOSat,%,6/23/2011,,
beach6_buoy,ODOSat,%,6/24/2011,,
beach6_buoy,ODOSat,%,6/25/2011,,
beach6_buoy,ODOSat,%,6/26/2011,,
beach6_buoy,ODOSat,%,6/27/2011,,
beach6_buoy,ODOSat,%,6/28/2011,,
beach6_buoy,ODOSat,%,6/29/2011,,
beach6_buoy,ODOSat,%,6/30/2011,,
beach6_buoy,ODOSat,%,7/1/2011,,
beach6_buoy,ODOSat,%,7/2/2011,,
beach6_buoy,ODOSat,%,7/3/2011,,
beach6_buoy,ODOSat,%,7/4/2011,,
beach6_buoy,ODOSat,%,7/5/2011,,
beach6_buoy,ODOSat,%,7/6/2011,,
beach6_buoy,ODOSat,%,7/7/2011,,
beach6_buoy,ODOSat,%,7/8/2011,,
beach6_buoy,ODOSat,%,7/9/2011,,
beach6_buoy,ODOSat,%,7/10/2011,,
beach6_buoy,ODOSat,%,7/11/2011,,
beach6_buoy,ODOSat,%,7/12/2011,,
beach6_buoy,ODOSat,%,7/13/2011,,
beach6_buoy,ODOSat,%,7/14/2011,,
beach6_buoy,ODOSat,%,7/15/2011,,
beach6_buoy,ODOSat,%,7/16/2011,,
beach6_buoy,ODOSat,%,7/17/2011,,
beach6_buoy,ODOSat,%,7/18/2011,,
beach6_buoy,ODOSat,%,7/19/2011,,
beach6_buoy,ODOSat,%,7/20/2011,,
beach6_buoy,ODOSat,%,7/21/2011,,
beach6_buoy,ODOSat,%,7/22/2011,,
beach6_buoy,ODOSat,%,7/23/2011,,
beach6_buoy,ODOSat,%,7/24/2011,,
beach6_buoy,ODOSat,%,7/25/2011,,
beach6_buoy,ODOSat,%,7/26/2011,,
beach6_buoy,ODOSat,%,7/27/2011,,
beach6_buoy,ODOSat,%,7/28/2011,,
beach6_buoy,ODOSat,%,7/29/2011,,
beach6_buoy,ODOSat,%,7/30/2011,,
beach6_buoy,ODOSat,%,7/31/2011,,
beach6_buoy,ODOSat,%,8/1/2011,,
beach6_buoy,ODOSat,%,8/2/2011,106.91326530612245,5.719196068
beach6_buoy,ODOSat,%,8/3/2011,102.65902777777778,5.803729367626454
beach6_buoy,ODOSat,%,8/4/2011,98.89850746268657,3.111196424709515
beach6_buoy,Sp Cond,S/cm,5/20/2011,260.44262295081967,1.6484800086133418
beach6_buoy,Sp Cond,S/cm,5/21/2011,253.38194444444446,14.096568311143605
beach6_buoy,Sp Cond,S/cm,5/22/2011,224.36805555555554,12.301996272012616
beach6_buoy,Sp Cond,S/cm,5/23/2011,264.1666666666667,7.0174607405211225
beach6_buoy,Sp Cond,S/cm,5/24/2011,265.6388888888889,1.1563815707707963
beach6_buoy,Sp Cond,S/cm,5/25/2011,263.5763888888889,5.840035277591422
beach6_buoy,Sp Cond,S/cm,5/26/2011,272.7638888888889,2.368163287908458
beach6_buoy,Sp Cond,S/cm,5/27/2011,272.9791666666667,1.8070133377474706
beach6_buoy,Sp Cond,S/cm,5/28/2011,273.5763888888889,3.194356608366437
beach6_buoy,Sp Cond,S/cm,5/29/2011,272.7916666666667,3.851936212791213
beach6_buoy,Sp Cond,S/cm,5/30/2011,250.09027777777777,15.266359192657045
beach6_buoy,Sp Cond,S/cm,5/31/2011,187.01388888888889,44.21023931506433
beach6_buoy,Sp Cond,S/cm,6/1/2011,272.2013888888889,5.576649445367583
beach6_buoy,Sp Cond,S/cm,6/2/2011,277.49305555555554,1.2346768653890414
beach6_buoy,Sp Cond,S/cm,6/3/2011,276.5,1.9504347731200147
beach6_buoy,Sp Cond,S/cm,6/4/2011,273.78472222222223,0.7769691378562226
beach6_buoy,Sp Cond,S/cm,6/5/2011,275.02097902097904,0.49601981259461203
beach6_buoy,Sp Cond,S/cm,6/6/2011,276.2638888888889,0.647600316
beach6_buoy,Sp Cond,S/cm,6/7/2011,275.3611111111111,0.48199920365408605
beach6_buoy,Sp Cond,S/cm,6/8/2011,276.2083333333333,0.5272305264038151
beach6_buoy,Sp Cond,S/cm,6/9/2011,278.9166666666667,0.8236028644447363
beach6_buoy,Sp Cond,S/cm,6/10/2011,276.5416666666667,1.1211569948017273
beach6_buoy,Sp Cond,S/cm,6/11/2011,275.4861111111111,1.0240882768378934
beach6_buoy,Sp Cond,S/cm,6/12/2011,277.0208333333333,0.14332465957384205
beach6_buoy,Sp Cond,S/cm,6/13/2011,280.6041666666667,3.0433206698114135
beach6_buoy,Sp Cond,S/cm,6/14/2011,277.6666666666667,3.9982513660367798
beach6_buoy,Sp Cond,S/cm,6/15/2011,271.71527777777777,1.4026109242471398
beach6_buoy,Sp Cond,S/cm,6/16/2011,271.06944444444446,0.824899043
beach6_buoy,Sp Cond,S/cm,6/17/2011,271.9166666666667,0.27735009811260364
beach6_buoy,Sp Cond,S/cm,6/18/2011,271.59722222222223,0.49216866238116896
beach6_buoy,Sp Cond,S/cm,6/19/2011,270.7361111111111,1.0642710569552587
beach6_buoy,Sp Cond,S/cm,6/20/2011,269.1041666666667,0.30654287052307394
beach6_buoy,Sp Cond,S/cm,6/21/2011,269.8263888888889,0.4630374195501005
beach6_buoy,Sp Cond,S/cm,6/22/2011,268.98591549295776,0.4626926701843516
beach6_buoy,Sp Cond,S/cm,6/23/2011,,
beach6_buoy,Sp Cond,S/cm,6/24/2011,,
beach6_buoy,Sp Cond,S/cm,6/25/2011,,
beach6_buoy,Sp Cond,S/cm,6/26/2011,,
beach6_buoy,Sp Cond,S/cm,6/27/2011,,
beach6_buoy,Sp Cond,S/cm,6/28/2011,,
beach6_buoy,Sp Cond,S/cm,6/29/2011,,
beach6_buoy,Sp Cond,S/cm,6/30/2011,,
beach6_buoy,Sp Cond,S/cm,7/1/2011,,
beach6_buoy,Sp Cond,S/cm,7/2/2011,,
beach6_buoy,Sp Cond,S/cm,7/3/2011,,
beach6_buoy,Sp Cond,S/cm,7/4/2011,,
beach6_buoy,Sp Cond,S/cm,7/5/2011,,
beach6_buoy,Sp Cond,S/cm,7/6/2011,,
beach6_buoy,Sp Cond,S/cm,7/7/2011,,
beach6_buoy,Sp Cond,S/cm,7/8/2011,,
beach6_buoy,Sp Cond,S/cm,7/9/2011,,
beach6_buoy,Sp Cond,S/cm,7/10/2011,,
beach6_buoy,Sp Cond,S/cm,7/11/2011,,
beach6_buoy,Sp Cond,S/cm,7/12/2011,,
beach6_buoy,Sp Cond,S/cm,7/13/2011,,
beach6_buoy,Sp Cond,S/cm,7/14/2011,,
beach6_buoy,Sp Cond,S/cm,7/15/2011,,
beach6_buoy,Sp Cond,S/cm,7/16/2011,,
beach6_buoy,Sp Cond,S/cm,7/17/2011,,
beach6_buoy,Sp Cond,S/cm,7/18/2011,,
beach6_buoy,Sp Cond,S/cm,7/19/2011,,
beach6_buoy,Sp Cond,S/cm,7/20/2011,,
beach6_buoy,Sp Cond,S/cm,7/21/2011,,
beach6_buoy,Sp Cond,S/cm,7/22/2011,,
beach6_buoy,Sp Cond,S/cm,7/23/2011,,
beach6_buoy,Sp Cond,S/cm,7/24/2011,,
beach6_buoy,Sp Cond,S/cm,7/25/2011,,
beach6_buoy,Sp Cond,S/cm,7/26/2011,,
beach6_buoy,Sp Cond,S/cm,7/27/2011,,
beach6_buoy,Sp Cond,S/cm,7/28/2011,,
beach6_buoy,Sp Cond,S/cm,7/29/2011,,
beach6_buoy,Sp Cond,S/cm,7/30/2011,,
beach6_buoy,Sp Cond,S/cm,7/31/2011,,
beach6_buoy,Sp Cond,S/cm,8/1/2011,,
beach6_buoy,Sp Cond,S/cm,8/2/2011,249.01020408163265,2.489130589571771
beach6_buoy,Sp Cond,S/cm,8/3/2011,248.78472222222223,2.455657644655364
beach6_buoy,Sp Cond,S/cm,8/4/2011,247.0597014925373,2.2011057621590626
beach6_buoy,Temp,F,5/20/2011,49.457540983606556,0.11383695559447467
beach6_buoy,Temp,F,5/21/2011,53.21625,2.585555052608601
beach6_buoy,Temp,F,5/22/2011,53.993125,1.3377365649233282
beach6_buoy,Temp,F,5/23/2011,54.49270833333333,1.4414902053908467
beach6_buoy,Temp,F,5/24/2011,56.21173611111111,1.4707142691033543
beach6_buoy,Temp,F,5/25/2011,54.51576388888889,1.0127029399389504
beach6_buoy,Temp,F,5/26/2011,53.805416666666666,0.9570985254468779
beach6_buoy,Temp,F,5/27/2011,54.73930555555555,0.4295153436821905
beach6_buoy,Temp,F,5/28/2011,55.69381944444444,1.4714932221509065
beach6_buoy,Temp,F,5/29/2011,58.78159722222222,1.550876433105319
beach6_buoy,Temp,F,5/30/2011,60.34388888888889,1.5499632800121956
beach6_buoy,Temp,F,5/31/2011,65.68076388888889,3.445506667
beach6_buoy,Temp,F,6/1/2011,65.28770833333334,0.6902190984362545
beach6_buoy,Temp,F,6/2/2011,63.71944444444445,0.6101046313770019
beach6_buoy,Temp,F,6/3/2011,63.42916666666666,0.46426647159078677
beach6_buoy,Temp,F,6/4/2011,62.52006944444444,0.32593168559563684
beach6_buoy,Temp,F,6/5/2011,64.10678321678321,1.3315524146483206
beach6_buoy,Temp,F,6/6/2011,65.061875,0.37207407479272936
beach6_buoy,Temp,F,6/7/2011,65.398125,0.9858083678443449
beach6_buoy,Temp,F,6/8/2011,67.48590277777777,1.4630595460325668
beach6_buoy,Temp,F,6/9/2011,69.72854166666667,0.40263288863056124
beach6_buoy,Temp,F,6/10/2011,67.37152777777777,1.026325729346912
beach6_buoy,Temp,F,6/11/2011,66.92576388888888,1.5791064038787475
beach6_buoy,Temp,F,6/12/2011,67.79541666666667,0.4660995346744628
beach6_buoy,Temp,F,6/13/2011,66.98576389,0.7222396981777894
beach6_buoy,Temp,F,6/14/2011,65.27868055555555,1.949781141215665
beach6_buoy,Temp,F,6/15/2011,61.81243055555555,2.611444485880568
beach6_buoy,Temp,F,6/16/2011,60.80951388888889,1.1689444942233016
beach6_buoy,Temp,F,6/17/2011,62.81597222222222,1.3530929704331434
beach6_buoy,Temp,F,6/18/2011,64.86256944444443,0.6841959668237483
beach6_buoy,Temp,F,6/19/2011,60.400416666666665,4.127827596246695
beach6_buoy,Temp,F,6/20/2011,57.04965277777777,3.166785538653431
beach6_buoy,Temp,F,6/21/2011,59.90291666666667,1.3876200256786289
beach6_buoy,Temp,F,6/22/2011,60.68746479,1.5487531559380723
beach6_buoy,Temp,F,6/23/2011,,
beach6_buoy,Temp,F,6/24/2011,,
beach6_buoy,Temp,F,6/25/2011,,
beach6_buoy,Temp,F,6/26/2011,,
beach6_buoy,Temp,F,6/27/2011,,
beach6_buoy,Temp,F,6/28/2011,,
beach6_buoy,Temp,F,6/29/2011,,
beach6_buoy,Temp,F,6/30/2011,,
beach6_buoy,Temp,F,7/1/2011,,
beach6_buoy,Temp,F,7/2/2011,,
beach6_buoy,Temp,F,7/3/2011,,
beach6_buoy,Temp,F,7/4/2011,,
beach6_buoy,Temp,F,7/5/2011,,
beach6_buoy,Temp,F,7/6/2011,,
beach6_buoy,Temp,F,7/7/2011,,
beach6_buoy,Temp,F,7/8/2011,,
beach6_buoy,Temp,F,7/9/2011,,
beach6_buoy,Temp,F,7/10/2011,,
beach6_buoy,Temp,F,7/11/2011,,
beach6_buoy,Temp,F,7/12/2011,,
beach6_buoy,Temp,F,7/13/2011,,
beach6_buoy,Temp,F,7/14/2011,,
beach6_buoy,Temp,F,7/15/2011,,
beach6_buoy,Temp,F,7/16/2011,,
beach6_buoy,Temp,F,7/17/2011,,
beach6_buoy,Temp,F,7/18/2011,,
beach6_buoy,Temp,F,7/19/2011,,
beach6_buoy,Temp,F,7/20/2011,,
beach6_buoy,Temp,F,7/21/2011,,
beach6_buoy,Temp,F,7/22/2011,,
beach6_buoy,Temp,F,7/23/2011,,
beach6_buoy,Temp,F,7/24/2011,,
beach6_buoy,Temp,F,7/25/2011,,
beach6_buoy,Temp,F,7/26/2011,,
beach6_buoy,Temp,F,7/27/2011,,
beach6_buoy,Temp,F,7/28/2011,,
beach6_buoy,Temp,F,7/29/2011,,
beach6_buoy,Temp,F,7/30/2011,,
beach6_buoy,Temp,F,7/31/2011,,
beach6_buoy,Temp,F,8/1/2011,,
beach6_buoy,Temp,F,8/2/2011,80.86428571428571,0.4320724452428642
beach6_buoy,Temp,F,8/3/2011,80.13659722222222,0.45756907567406646
beach6_buoy,Temp,F,8/4/2011,78.79328358208954,0.40966130896107783
beach6_buoy,Turb+,NTU+,5/20/2011,7.113114754,0.8118857493178184
beach6_buoy,Turb+,NTU+,5/21/2011,4.533333333333333,1.1770533316101452
beach6_buoy,Turb+,NTU+,5/22/2011,3.3423611111111113,0.38477672412468944
beach6_buoy,Turb+,NTU+,5/23/2011,20.460416666666667,13.800224072114172
beach6_buoy,Turb+,NTU+,5/24/2011,29.720138888888886,9.733042128
beach6_buoy,Turb+,NTU+,5/25/2011,8.537500000000001,3.9314559839639744
beach6_buoy,Turb+,NTU+,5/26/2011,5.585416666666666,1.6191584082630552
beach6_buoy,Turb+,NTU+,5/27/2011,4.725,0.6306285021249103
beach6_buoy,Turb+,NTU+,5/28/2011,2.7826388888888887,0.5326185295851975
beach6_buoy,Turb+,NTU+,5/29/2011,3.0055555555555555,0.25687138023319367
beach6_buoy,Turb+,NTU+,5/30/2011,3.7256944444444446,0.5322792431573794
beach6_buoy,Turb+,NTU+,5/31/2011,3.3305555555555557,0.5033145769055003
beach6_buoy,Turb+,NTU+,6/1/2011,61.06388889,42.27493530923679
beach6_buoy,Turb+,NTU+,6/2/2011,59.232638888888886,8.759041921
beach6_buoy,Turb+,NTU+,6/3/2011,19.102777777777778,9.286119760266955
beach6_buoy,Turb+,NTU+,6/4/2011,5.451388888888889,1.0926957817636476
beach6_buoy,Turb+,NTU+,6/5/2011,4.109090909090909,0.3155386833518535
beach6_buoy,Turb+,NTU+,6/6/2011,4.752083333333333,0.79605397
beach6_buoy,Turb+,NTU+,6/7/2011,6.5993055555555555,1.539480274110231
beach6_buoy,Turb+,NTU+,6/8/2011,8.369444444444445,2.510433551
beach6_buoy,Turb+,NTU+,6/9/2011,17.65902777777778,4.672122549559687
beach6_buoy,Turb+,NTU+,6/10/2011,10.256944444444445,3.0202730571174095
beach6_buoy,Turb+,NTU+,6/11/2011,5.581944444444444,0.5048925355127295
beach6_buoy,Turb+,NTU+,6/12/2011,20.625694444444445,12.513202798229525
beach6_buoy,Turb+,NTU+,6/13/2011,34.234027777777776,10.400101957504823
beach6_buoy,Turb+,NTU+,6/14/2011,20.344444444444445,9.018921661759123
beach6_buoy,Turb+,NTU+,6/15/2011,5.706250000000001,0.8712356589503054
beach6_buoy,Turb+,NTU+,6/16/2011,4.797916666666667,0.650278988
beach6_buoy,Turb+,NTU+,6/17/2011,9.190972222222221,2.227448387932103
beach6_buoy,Turb+,NTU+,6/18/2011,8.122222222222222,2.6261845664091044
beach6_buoy,Turb+,NTU+,6/19/2011,12.382638888888888,3.2273596530639903
beach6_buoy,Turb+,NTU+,6/20/2011,9.352777777777778,1.7426747564922445
beach6_buoy,Turb+,NTU+,6/21/2011,11.163194444444445,2.5538328941881567
beach6_buoy,Turb+,NTU+,6/22/2011,9.711267605633802,1.9510106755052918
beach6_buoy,Turb+,NTU+,6/23/2011,,
beach6_buoy,Turb+,NTU+,6/24/2011,,
beach6_buoy,Turb+,NTU+,6/25/2011,,
beach6_buoy,Turb+,NTU+,6/26/2011,,
beach6_buoy,Turb+,NTU+,6/27/2011,,
beach6_buoy,Turb+,NTU+,6/28/2011,,
beach6_buoy,Turb+,NTU+,6/29/2011,,
beach6_buoy,Turb+,NTU+,6/30/2011,,
beach6_buoy,Turb+,NTU+,7/1/2011,,
beach6_buoy,Turb+,NTU+,7/2/2011,,
beach6_buoy,Turb+,NTU+,7/3/2011,,
beach6_buoy,Turb+,NTU+,7/4/2011,,
beach6_buoy,Turb+,NTU+,7/5/2011,,
beach6_buoy,Turb+,NTU+,7/6/2011,,
beach6_buoy,Turb+,NTU+,7/7/2011,,
beach6_buoy,Turb+,NTU+,7/8/2011,,
beach6_buoy,Turb+,NTU+,7/9/2011,,
beach6_buoy,Turb+,NTU+,7/10/2011,,
beach6_buoy,Turb+,NTU+,7/11/2011,,
beach6_buoy,Turb+,NTU+,7/12/2011,,
beach6_buoy,Turb+,NTU+,7/13/2011,,
beach6_buoy,Turb+,NTU+,7/14/2011,,
beach6_buoy,Turb+,NTU+,7/15/2011,,
beach6_buoy,Turb+,NTU+,7/16/2011,,
beach6_buoy,Turb+,NTU+,7/17/2011,,
beach6_buoy,Turb+,NTU+,7/18/2011,,
beach6_buoy,Turb+,NTU+,7/19/2011,,
beach6_buoy,Turb+,NTU+,7/20/2011,,
beach6_buoy,Turb+,NTU+,7/21/2011,,
beach6_buoy,Turb+,NTU+,7/22/2011,,
beach6_buoy,Turb+,NTU+,7/23/2011,,
beach6_buoy,Turb+,NTU+,7/24/2011,,
beach6_buoy,Turb+,NTU+,7/25/2011,,
beach6_buoy,Turb+,NTU+,7/26/2011,,
beach6_buoy,Turb+,NTU+,7/27/2011,,
beach6_buoy,Turb+,NTU+,7/28/2011,,
beach6_buoy,Turb+,NTU+,7/29/2011,,
beach6_buoy,Turb+,NTU+,7/30/2011,,
beach6_buoy,Turb+,NTU+,7/31/2011,,
beach6_buoy,Turb+,NTU+,8/1/2011,,
beach6_buoy,Turb+,NTU+,8/2/2011,5.576530612244898,2.1967549178632377
beach6_buoy,Turb+,NTU+,8/3/2011,7.454861111111111,4.798263524204132
beach6_buoy,Turb+,NTU+,8/4/2011,11.834328358208955,4.440534783477612
